0
40628
49544
11
41670
47662
31257
21877
17194
17
44641
12505
39286
12514
46532
22
33341
12511
28137
12520
49329
28
12517
37504
17869
20847
34
43760
39292
16687
7166
35426
40
33346
12523
16693
7172
6285
45
33352
31268
35945
7178
6291
51
35954
16699
40638
6297
57
49671
25024
43857
37518
39078
62
33358
12540
31271
21905
33613
68
12545
39076
12554
17234
74
48638
12551
16716
7201
17231
80
42869
28601
49565
44652
47951
85
33364
12557
16722
37524
35444
91
12563
28606
39084
6331
97
45317
37522
31283
45324
40449
102
33369
25047
28171
35963
21340
108
25053
43762
37529
40447
114
37528
12580
21492
43983
33625
120
33375
28618
16744
42988
17260
125
43771
12585
16750
7246
39087
131
28623
37533
7252
43766
137
37534
12597
33640
39477
37465
142
33381
28629
21509
17943
6377
148
31308
44544
40653
37474
154
49428
25076
16767
12617
25075
160
33386
45329
16773
7275
45231
165
33392
31314
21521
7281
20927
171
25082
16779
35691
33651
177
49483
12625
39321
12634
6405
182
33398
12631
21532
12640
6411
188
12637
31317
17972
6417
194
41699
28652
16796
7303
17314
200
37551
12643
41701
7309
30937
205
33404
37550
16802
12657
33914
211
28658
40668
21994
20956
217
43782
25104
45238
37558
39111
222
33409
12660
21555
21997
35484
228
12665
37555
12674
6451
234
46887
12671
41706
7338
11897
240
33415
46477
16824
40671
39118
245
37563
12677
16830
37564
25505
251
12683
38001
7355
17354
257
47663
31348
37562
46001
17351
262
33421
25127
46498
43001
31343
268
25133
31345
37569
39123
274
37568
12700
16847
36013
37312
280
33426
28686
16853
33685
11931
285
33432
12705
31360
7383
16691
291
42006
16859
7389
37763
297
37574
12717
28257
49348
44562
302
33438
31365
39349
18046
21007
308
49123
43006
34023
31361
314
48448
25156
16876
7406
6525
320
37580
28703
33697
7412
35737
325
33444
37579
16882
7418
6537
331
25162
31377
36025
44646
337
48253
12745
40691
12754
33700
342
33449
12751
35516
12760
41853
348
12757
37584
18075
21036
354
43800
41857
21629
7441
39140
360
33455
12763
16904
25051
6565
365
47338
31388
16910
12777
6571
371
28726
31385
44105
6577
377
45864
25184
28291
37598
17434
382
33461
12780
31391
42023
17440
388
12785
43672
12794
34292
394
45251
12791
16927
25196
31395
400
33466
28738
16933
40700
35535
405
33472
12797
21658
7486
43801
411
12803
16939
7492
6611
417
45345
37602
31403
34058
24687
422
33478
25207
21669
48037
37346
428
25213
40708
37609
25597
434
37608
12820
16956
22120
39155
440
48963
31417
41741
7515
17471
445
33484
12825
16962
7521
48251
451
28761
37613
37615
35552
457
37614
12837
46390
25611
35773
462
33489
43031
21692
22137
6657
468
31428
37356
36065
21551
474
44692
25236
41746
7543
25235
480
33495
36074
16984
7549
33745
485
41750
31434
16990
29105
21116
491
25242
28778
41876
39167
497
48454
12865
46018
12874
6685
502
33501
12871
21715
12880
6691
508
12877
31437
46525
6697
514
47297
28789
17007
7578
22155
520
33506
12883
17013
41883
41885
525
33512
37630
21726
12897
36081
531
31451
17019
7595
42786
537
43822
25264
33763
37638
35575
542
33518
12900
37636
31453
42790
548
12905
28365
12914
6731
554
47349
12911
17036
25276
41715
560
46469
28806
46641
46960
17554
565
33524
12917
17042
7623
17560
571
12923
46522
7629
22189
577
46396
31468
37642
40733
40732
582
33529
25287
43695
37840
17563
588
25293
31465
37649
35592
594
37648
12940
31474
7646
12171
600
33535
28823
17064
7652
12177
605
42943
12945
17070
7658
21634
611
42058
31477
37655
48483
617
37654
12957
35596
32132
33457
622
33541
28835
44709
32138
21196
628
39418
46915
34126
31481
634
49808
25316
17087
7681
6805
640
33546
28841
17093
22234
37404
645
33552
37659
47683
22240
6817
651
25322
17099
36117
16937
657
45377
12985
39423
12994
35834
662
33558
12991
28417
13000
39209
668
12997
37664
33807
25332
674
41779
39429
17116
37672
35615
680
37671
13003
41781
46588
6845
685
33564
31508
17122
7726
6851
691
28863
31505
7732
6857
697
45893
25344
44609
37678
44687
702
33569
13020
21829
22265
22263
708
13025
33820
13034
37865
714
48674
13031
21835
25356
28436
720
33575
47074
17144
7755
35626
725
37683
13037
17150
7761
35632
731
13043
28881
40908
6891
737
48459
37682
31523
34161
35857
742
33581
25367
21852
40762
12285
748
25373
43842
37689
17680
754
37688
13060
17167
7783
33837
760
33586
31537
17173
7789
31532
765
33592
13065
21863
36154
17683
771
28898
17179
37695
35644
777
37694
13077
45964
18349
39397
782
33598
39452
21875
45386
6937
788
31548
47345
36157
40580
794
48265
25396
17196
7818
25395
800
37700
38132
28909
26269
31165
805
33604
31554
17202
43084
42826
811
25402
45457
7835
46972
817
49338
13105
39458
13114
6965
822
33609
13111
42832
13120
6971
828
13117
31557
44813
6977
834
48681
31565
34189
37712
41933
840
33615
13123
17224
17737
45948
845
42978
37710
17230
7863
39249
851
31571
40788
7869
21327
857
43862
25424
42940
37718
35666
862
33621
13140
37716
22357
35672
868
13145
37715
13154
7011
874
45391
13151
17247
7886
28837
880
33626
28943
17253
7892
43958
885
33632
13157
45910
7898
22366
891
13163
17259
17771
36183
897
49566
31588
37722
36185
28516
902
33638
25447
33883
33891
31583
908
25453
31585
37729
35684
914
37728
13180
17276
7921
12417
920
42989
28961
41821
42065
33556
925
33644
13185
17282
43866
45887
931
28966
31597
37735
17800
937
37734
13197
28537
18452
39264
942
33649
28972
40805
18458
25469
948
39486
44638
45404
17803
954
48979
25476
21972
13217
7085
960
33655
28978
17304
39657
12451
965
41830
37739
17310
7966
7097
971
25482
28983
7972
47365
977
44743
13225
40811
13234
33911
982
33661
13231
21989
13240
17834
988
13237
37744
43104
21407
994
43880
28995
17327
37752
35706
1000
33666
13243
17333
7995
7125
1005
33672
31628
22001
8001
7131
1011
29001
17339
26372
7137
1017
48981
25504
28571
37758
36218
1022
33678
13260
22012
36228
41962
1028
13265
31251
13274
39289
1034
44645
13271
17356
8023
17860
1040
43885
42126
29012
8029
46876
1045
33684
13277
17362
37764
35724
1051
13283
29018
37954
7171
1057
47708
37762
31643
34263
37512
1062
33689
25527
22035
47046
17211
1068
25533
40828
37769
36235
1074
37768
13300
43117
8058
41805
1080
33695
31657
17384
36237
28596
1085
43891
13305
17390
29035
39675
1091
45984
37773
8075
42870
1097
37774
13317
42872
18555
25036
1102
33701
46069
31660
18561
7217
1108
31668
47247
49430
12565
1114
49358
25556
17407
13337
25555
1120
33706
29046
17413
40838
33957
1125
33712
31674
47714
8103
21487
1131
25562
17419
8109
17923
1137
49493
13345
39526
13354
7245
1142
33718
13351
37977
13360
7251
1148
13357
31677
18589
7257
1154
41859
31685
17436
8126
39318
1160
37791
13363
41861
8132
39316
1165
33724
37790
17442
8138
17954
1171
31691
44766
43133
21516
1177
43902
25584
40841
37798
46949
1182
33729
13380
37796
31693
35764
1188
13385
28645
13394
7291
1194
45420
13391
22109
8161
44748
1200
33735
29081
17464
44772
37985
1205
37803
13397
17470
37804
47373
1211
13403
29086
42998
39329
1217
46000
31708
37802
36277
17980
1222
33741
25607
31325
39327
31703
1228
25613
31705
37809
43903
1234
37808
13420
17487
26481
17325
1240
33746
29098
17493
44666
22000
1245
33752
13425
22138
8206
35997
1251
29103
17499
8212
42004
1257
37814
13437
37812
29434
37995
1262
33758
29109
22149
18663
21567
1268
46573
42895
36297
31721
1274
49417
25636
17516
13457
7365
1280
37820
31731
29115
8235
12697
1285
33764
37819
17522
8241
7377
1291
25642
29121
40864
40676
1297
44778
13465
39561
13474
37567
1302
33769
13471
22172
13480
45508
1308
13477
37824
18692
21596
1314
43920
29132
43918
8263
39351
1320
33775
13483
17544
8269
7405
1325
43046
31748
17550
13497
7411
1331
29138
31745
40878
7417
1337
45944
25664
34034
37838
39358
1342
33781
13500
22195
22625
38028
1348
13505
34031
13514
18074
1354
48226
13511
17567
8298
18071
1360
33786
42178
17573
44789
35815
1365
33792
13517
22206
37844
39363
1371
13523
17579
8315
7451
1377
45437
37842
31763
34366
12771
1382
33798
25687
28731
36323
46946
1388
25693
43922
37849
43161
1394
37848
13540
17596
43162
42028
1400
48232
29166
41901
45442
18100
1405
33804
13545
17602
8343
34057
1411
45352
37853
8349
35832
1417
37854
13557
47755
39745
36051
1422
33809
39589
31780
18766
7497
1428
31788
42025
40893
17457
1434
44795
25716
41906
8366
25715
1440
33815
29183
17624
8372
33731
1445
41910
31794
17630
8378
21676
1451
25722
39595
49235
45517
1457
49425
13585
44020
13594
7525
1462
33821
13591
42924
13600
7531
1468
13597
31797
18795
7537
1474
47723
31805
17647
8401
18154
1480
33826
13603
17653
28767
39545
1485
33832
37870
34401
13617
44031
1491
29206
17659
22714
36349
1497
43942
25744
43900
37878
35855
1502
33838
13620
37876
22717
43938
1508
13625
37875
13634
7571
1514
46967
13631
17676
25756
25247
1520
43075
29218
47763
40911
39398
1525
33844
13637
17682
8446
34093
1531
13643
29223
8452
18194
1537
48455
31828
37882
43188
18191
1542
33849
25767
22309
36085
31823
1548
25773
31825
37889
35872
1554
37888
13660
22315
29557
39563
1560
33855
37887
17704
8475
40729
1565
43081
13665
17710
8481
22180
1571
29241
31837
37895
36097
1577
37894
13677
28817
43191
34105
1582
33861
31845
22332
40924
21756
1588
39623
34114
44893
31841
1594
48488
25796
17727
8503
7645
1600
33866
31851
17733
8509
25165
1605
33872
37899
22343
38091
7657
1611
25802
17739
36385
43917
1617
46600
13705
40931
13714
47020
1622
33878
13711
22355
13720
38097
1628
13717
37904
49349
25812
1634
41939
29269
17756
8538
35895
1640
37911
13723
41941
39580
7685
1645
33884
31868
17762
13737
7691
1651
49632
31865
8555
7697
1657
45973
25824
28851
37918
18274
1662
33889
13740
31871
48870
18280
1668
13745
31497
13754
44138
1674
46031
13751
41946
25836
31875
1680
33895
29286
17784
40940
35906
1685
37923
13757
17790
8583
35912
1691
13763
43964
8589
7731
1697
45465
37922
31883
36417
13017
1702
33901
25847
34154
43211
40758
1708
25853
40948
37929
26225
1714
37928
13780
17807
8606
40756
1720
33906
29303
17813
8612
18311
1725
33912
13785
46601
8618
43206
1731
48869
17819
37935
35924
1737
37934
13797
42964
41091
37684
1742
33918
29315
31900
22857
7777
1748
31908
43844
36425
25754
1754
44829
25876
17836
8641
25875
1760
37940
29321
42085
40958
44722
1765
33924
31914
17842
39828
47773
1771
25882
29326
45543
34177
1777
48494
13825
39663
13834
7805
1782
33929
13831
46042
13840
7811
1788
13837
31917
43220
7817
1794
49124
31925
22452
37952
22875
1800
33935
13843
17864
45481
34180
1805
49750
37950
17870
8686
42093
1811
29343
49985
8692
21887
1817
43982
25904
40961
37958
35946
1822
33941
13860
22469
31933
35952
1828
13865
28925
13874
7851
1834
48709
13871
17887
25916
36171
1840
33946
38140
17893
8715
18394
1845
33952
13877
22481
8721
18400
1851
13883
17899
41114
22909
1857
44737
31948
37962
40973
34205
1862
33958
25927
22492
47743
18403
1868
25933
31945
37969
35964
1874
37968
13900
17916
8743
48986
1880
47697
37967
41981
8749
25436
1885
33964
13905
17922
43986
40791
1891
29378
31957
37975
26317
1897
37974
13917
35967
19069
39475
1902
33969
31965
22515
39853
25949
1908
43240
42986
34538
31961
1914
49355
25956
41986
8778
7925
1920
33975
31971
17944
22954
44081
1925
41990
37979
17950
22960
7937
1931
25962
31977
8795
22391
1937
44846
13945
39698
13954
47986
1942
33981
13951
28977
13960
39489
1948
13957
37984
45562
21967
1954
44000
48069
17967
37992
35986
1960
33986
13963
17973
26354
7965
1965
33992
31988
46138
8823
7971
1971
44206
17979
8829
7977
1977
49137
25984
48754
37998
47417
1982
33998
13980
31991
22985
22983
1988
13985
40995
13994
48098
1994
48025
13991
17996
8846
28996
2000
44005
29423
45500
8852
39500
2005
34004
13997
18002
8858
36004
2011
14003
44004
45640
8011
2017
47754
38002
32003
39880
42083
2022
34009
26007
29011
41002
36220
2028
26013
44002
38009
18520
2034
38008
14020
22589
8881
39504
2040
34015
29441
18024
36505
32012
2045
44011
14025
18030
36514
18523
2051
29446
38013
38015
44006
2057
38014
14037
38197
19172
13291
2062
34021
29452
32020
19178
8057
2068
32028
44755
36517
22474
2074
49155
26036
18047
14057
26035
2080
34026
29458
18053
34834
37960
2085
34032
32034
22618
8926
22047
2091
26042
18059
8932
38203
2097
49814
14065
48038
14074
8085
2102
34038
14071
22629
14080
8091
2108
14077
32037
29794
8097
2114
42019
29475
18076
38032
36526
2120
38031
14083
42021
8955
44103
2125
34044
38030
18082
8961
39529
2131
29481
41028
23074
22076
2137
44022
26064
40836
38038
48245
2142
34049
14100
22652
23077
36044
2148
14105
38035
14114
8131
2154
45511
14111
42026
8983
37792
2160
34055
46078
18104
8989
44849
2165
38043
14117
18110
38044
23086
2171
14123
29498
18611
38225
2177
44771
32068
38042
36545
29076
2182
34061
26087
22675
38234
32063
2188
26093
32065
38049
43030
2194
38048
14140
18127
9018
25596
2200
34066
38047
18133
38231
40847
2205
34072
14145
22686
29515
13405
2211
49057
18139
9035
18640
2217
38054
14157
29097
19275
34317
2222
34078
32085
41045
19281
22127
2228
39761
36555
34641
18643
2234
49812
26116
18156
14177
8205
2240
38060
29526
46083
38481
38241
2245
34084
38059
18162
9063
8217
2251
26122
32097
9069
37815
2257
44881
14185
39766
14194
39556
2262
34089
14191
36076
14200
18674
2268
14197
38064
19309
22156
2274
44040
39772
44038
9086
44035
2280
34095
14203
18184
9092
8245
2285
43183
32108
18190
9098
8251
2291
45529
32105
26989
8257
2297
46024
26144
29131
38078
42173
2302
34101
14220
32111
36588
42297
2308
14225
44858
14234
39569
2314
49631
14231
18207
9121
18700
2320
34106
29561
18213
41060
36095
2325
34112
14237
44043
38084
44041
2331
14243
18219
44786
8291
2337
48510
38082
32123
47841
29465
2342
34118
26167
36589
42338
38020
2348
26173
41068
38089
45604
2354
38088
14260
18236
23200
47395
2360
43195
29578
42061
36597
29156
2365
34124
14265
18242
9166
34371
2371
29583
38093
9172
36112
2377
38094
14277
47023
34367
13537
2382
34129
29589
22789
19383
8337
2388
32148
31771
43308
34051
2394
48561
26196
22795
14297
26195
2400
34135
46653
18264
9195
39584
2405
42070
32154
18270
9201
22236
2411
26202
29601
41075
18763
2417
49262
14305
39801
14314
8365
2422
34141
14311
22812
14320
8371
2428
14317
32157
19412
8377
2434
48043
29612
18287
9223
39598
2440
34146
14323
18293
9229
34391
2445
34152
38110
22823
14337
18794
2451
29618
18299
44988
43066
2457
44062
26224
41081
38118
36135
2462
34158
14340
22835
32173
39603
2468
14345
29205
14354
8411
2474
45540
14351
18316
9258
13611
2480
43212
34405
29629
44909
45613
2485
34164
14357
18322
38124
42202
2491
14363
36640
9275
39609
2497
48272
32188
38122
36637
18820
2502
34169
26247
47350
34417
32183
2508
26253
32185
38129
36152
2514
38128
14380
32194
27098
22723
2520
34175
29646
18344
38314
37884
2525
43218
14385
18350
9303
42049
2531
36643
32197
9309
46106
2537
38134
14397
36156
49771
48315
2542
34181
32205
39829
19486
22316
2548
49465
47035
34743
32201
2554
49725
26276
18367
9326
8485
2560
34186
29663
18373
9332
43946
2565
34192
38139
48726
9338
8497
2571
26282
18379
41104
13685
2577
47036
14425
48333
14434
43952
2582
34198
14431
29257
14440
48906
2588
14437
38144
19515
26292
2594
42099
45556
18396
9361
36175
2600
38151
14443
42101
18891
8525
2605
34204
32228
18402
14457
8531
2611
29686
32225
41118
8537
2617
46053
26304
49453
38158
39638
2622
34209
14460
32231
23345
26677
2628
14465
39636
14474
18914
2634
46114
14471
22932
26316
18911
2640
34215
29698
18424
45565
36186
2645
38163
14477
18430
9406
36192
2651
14483
29703
9412
8571
2657
45557
38162
32243
34778
38343
2662
34221
26327
22949
36683
31876
2668
26333
44082
38169
36411
2674
38168
14500
18447
45011
34465
2680
34226
32257
18453
9435
18940
2685
34232
14505
22961
9441
39647
2691
29721
18459
38175
36204
2697
38174
14517
34480
43344
38111
2702
34238
47091
22972
34795
8617
2708
32268
42237
41133
40944
2714
44932
26356
18476
9463
26355
2720
38180
45569
29732
9469
45478
2725
34244
32274
18482
27201
43106
2731
26362
29738
49162
34491
2737
49567
14545
42245
14554
8645
2742
34249
14551
22995
14560
8651
2748
14557
32277
43358
8657
2754
48522
29749
46675
9498
18994
2760
34255
14563
18504
29327
46986
2765
48892
38190
18510
14577
41277
2771
32291
41148
9515
22447
2777
44102
26384
43975
38198
36226
2782
34261
14580
38196
23437
36232
2788
14585
38195
14594
8691
2794
47047
14591
18527
26396
13857
2800
34266
29766
18533
41151
39678
2805
34272
14597
46070
9543
38388
2811
14603
18539
9549
19034
2817
46123
32308
38202
46206
19031
2822
34278
26407
49506
43361
32303
2828
26413
32305
38209
36244
2834
38208
14620
18556
9566
37964
2840
47785
29783
42141
9572
13891
2845
34284
14625
18562
9578
39472
2851
42418
32317
38215
43366
2857
38214
14637
29377
46212
42268
2862
34289
29795
41165
41164
26429
2868
39898
44197
34846
32321
2874
48528
26436
23069
9601
8765
2880
34295
29801
18584
43373
45646
2885
42150
38219
18590
48070
8777
2891
26442
29806
36745
28956
2897
49586
14665
39903
14674
34540
2902
34301
14671
42274
14680
46686
2908
14677
38224
39857
22527
2914
44120
39909
18607
38232
36266
2920
34306
14683
18613
40986
8805
2925
34312
32348
23098
9646
8811
2931
29823
18619
9652
8817
2937
49021
26464
29411
38238
19114
2942
34318
14700
23109
45040
19120
2948
14705
42400
14714
46692
2954
45497
14711
18636
26476
32355
2960
44125
36763
29835
9675
39711
2965
34324
14717
18642
9681
36284
2971
14723
29841
19137
8851
2977
45585
38242
32363
34881
25996
2982
34329
26487
23132
42441
47429
2988
26493
41188
38249
34573
2994
38248
14740
43385
9703
32005
3000
34335
32377
18664
9709
19151
3005
43286
14745
18670
45598
44097
3011
29858
38253
38255
39723
3017
38254
14757
43152
19789
42127
3022
34341
39932
23155
23577
8897
3028
32388
32017
36785
23020
3034
48535
26516
18687
9738
26515
3040
34346
36794
18693
41198
34585
3045
34352
32394
23166
30185
22607
3051
26522
18699
9755
39727
3057
48534
14785
39938
14794
8925
3062
34358
14791
34600
14800
8931
3068
14797
32397
46229
8937
3074
42179
32405
18716
38272
23595
3080
38271
14803
42181
44870
47111
3085
34364
38270
18722
9783
36801
3091
32411
49270
9789
22636
3097
44142
26544
34603
38278
39740
3102
34369
14820
38276
32413
36324
3108
14825
29485
14834
8971
3114
47805
14831
42186
9806
36257
3120
34375
29903
18744
9812
19234
3125
38283
14837
18750
9818
19240
3131
14843
47531
26923
23629
3137
47069
32428
38282
41213
41212
3142
34381
26567
45518
41345
19243
3148
26573
32425
38289
44143
3154
38288
14860
18767
9841
14131
3160
34386
29921
18773
44951
14137
3165
34392
14865
32440
44146
41038
3171
29926
18779
38295
26945
3177
38294
14877
38292
19892
36551
3182
34398
29932
49378
19898
22687
3188
39966
43175
42475
32441
3194
49974
26596
18796
14897
9045
3200
38300
29938
47526
23674
41043
3205
34404
38299
18802
9886
9057
3211
26602
29943
9892
18651
3217
44983
14905
47809
14914
32091
3222
34409
14911
23269
14920
39769
3228
14917
38304
26977
22716
3234
44160
29955
23275
38312
44155
3240
34415
14923
18824
9915
9085
3245
43321
32468
18830
9921
9091
3251
29961
32465
41238
9097
3257
46104
26624
44889
38318
47122
3262
34421
14940
23292
23705
23703
3268
14945
34660
14954
42333
3274
48512
14951
18847
9943
29556
3280
34426
42486
18853
9949
36375
3285
34432
14957
23303
38324
43190
3291
14963
18859
30286
9131
3297
48539
38322
32483
34983
46649
3302
34438
26647
23315
41242
14245
3308
26653
44162
38329
19360
3314
38328
14980
18876
9978
34677
3320
43332
32497
42221
36865
32492
3325
34444
14985
18882
29995
19363
3331
34685
38333
9995
36392
3337
38334
14997
43435
19995
37069
3342
34449
47843
32500
20001
9177
3348
32508
48882
36877
38095
3354
48357
26676
42226
15017
26675
3360
34455
30006
18904
47189
39795
3365
42230
32514
18910
10023
22796
3371
26682
44372
10029
41203
3377
49457
15025
40006
15034
9205
3382
34461
15031
43204
15040
9211
3388
15037
32517
20029
9217
3394
49729
32525
18927
10046
44268
3400
34466
15043
18933
10052
48329
3405
34472
38350
35018
10058
39809
3411
32531
18939
23794
34714
3417
44182
26704
32165
38358
36415
3422
34478
15060
38356
23797
44178
3428
15065
38355
15074
9251
3434
45631
15071
18956
10081
46586
3440
43349
30041
45638
41271
44271
3445
34484
15077
18962
38364
23806
3451
15083
30046
19451
36903
3457
48729
32548
38362
36905
29636
3462
34489
26727
34723
34731
32543
3468
26733
32545
38369
36432
3474
38368
15100
23412
40188
14377
3480
34495
30058
18984
46772
38305
3485
47137
15105
18990
10126
43325
3491
30063
32557
10132
19480
3497
38374
15117
29657
43460
39824
3502
34501
30069
23429
20103
22876
3508
48550
44918
45644
19483
3514
49280
26756
19007
15137
9325
3520
34506
32571
19013
10155
14411
3525
34512
38379
23441
10161
9337
3531
26762
19019
43468
23314
3537
45018
15145
40041
15154
34751
3542
34518
15151
23452
15160
19514
3548
15157
38384
20132
26772
3554
42259
30092
19036
10183
36455
3560
38391
15163
42261
10189
9365
3565
34524
32588
19042
15177
9371
3571
30098
32585
32857
9377
3577
46133
26784
29691
38398
36938
3582
34529
15180
23475
36948
44291
3588
15185
36674
15194
39849
3594
44925
15191
42266
10218
19540
3600
34535
42538
19064
41300
36466
3605
38403
15197
19070
38404
36472
3611
15203
44204
10235
9411
3617
47828
38402
32603
35086
38164
3622
34541
26807
44929
42543
39644
3628
26813
41308
38409
27177
3634
38408
15220
19087
23920
44173
3640
34546
30126
19093
36957
29716
3645
34552
15225
44927
10263
38594
3651
46195
19099
10269
36484
3657
38414
15237
43244
35326
47508
3662
34558
40069
32620
20206
9457
3668
32628
38351
47560
14525
3674
45035
26836
19116
10286
26835
3680
38420
30143
47466
10292
34797
3685
34564
32634
19122
10298
47151
3691
26842
40075
34805
19603
3697
49971
15265
43483
15274
9485
3702
34569
15271
46204
15280
9491
3708
15277
32637
20235
9497
3714
49369
32645
23549
10321
39878
3720
34575
15283
19144
45731
39876
3725
49468
38430
19150
15297
19634
3731
30166
45041
40237
23007
3737
44222
26864
41321
38438
36506
3742
34581
15300
38436
32653
36512
3748
15305
29765
15314
9531
3754
45660
15311
19167
26876
27229
3760
34586
30178
19173
48915
42413
3765
34592
15317
23578
10366
46683
3771
15323
19179
10372
39889
3777
46743
32668
38442
36997
19660
3782
34598
26887
23589
39887
32663
3788
26893
32665
38449
36524
3794
38448
15340
19196
46863
42260
3800
48100
38447
42301
10395
36733
3805
34604
15345
19202
10401
34525
3811
30201
32677
38455
46343
3817
38454
15357
36527
30514
44106
3822
34609
32685
23612
30520
26909
3828
40103
43266
37017
32681
3834
49910
26916
42306
10423
9605
3840
34615
32691
19224
10429
14657
3845
42310
38459
19230
24040
9617
3851
26922
30218
41344
48026
3857
47116
15385
43514
15394
32337
3862
34621
15391
23635
15400
47161
3868
15397
38464
27291
23087
3874
44240
30229
19247
10458
36546
3880
34626
15403
19253
19731
9645
3885
34632
32708
23646
15417
9651
3891
37034
19259
10475
9657
3897
49460
26944
34874
38478
39918
3902
34638
15420
32711
24065
27305
3908
15425
34871
15434
19754
3914
48740
15431
19276
26956
19751
3920
44245
30246
47532
45685
44965
3925
34644
15437
19282
10503
36564
3931
15443
44244
10509
9691
3937
45677
38482
32723
45684
14731
3942
34649
26967
29851
37043
29740
3948
26973
44242
38489
42442
3954
38488
15460
47844
10526
44962
3960
34655
30263
19304
10532
19780
3965
43423
15465
19310
10538
34897
3971
47104
38493
38495
44246
3977
38494
15477
46761
45148
23563
3982
34661
30275
32740
46357
9737
3988
32748
46228
41373
19171
3994
45069
26996
19327
10561
26995
4000
34666
30281
19333
27812
43257
4005
34672
32754
47131
27818
23167
4011
27002
19339
46224
40292
4017
49819
15505
40143
15514
9765
4022
34678
15511
47126
15520
9771
4028
15517
32757
41806
9777
4034
42339
32765
19356
38512
19834
4040
38511
15523
42341
29887
45603
4045
34684
38510
19362
10606
33034
4051
30303
41388
10612
23196
4057
44262
27024
44872
38518
39951
4062
34689
15540
23749
24157
36604
4068
15545
38515
15554
9811
4074
47127
15551
23755
27036
26556
4080
34695
36811
19384
10635
39958
4085
38523
15557
19390
10641
27397
4091
15563
30321
47881
19874
4097
45605
32788
38522
43548
19871
4102
34701
27047
23772
40114
32783
4108
27053
32785
38529
39963
4114
38528
15580
19407
10663
27406
4120
34706
38527
19413
10669
40117
4125
34712
15585
23783
44266
32436
4131
30338
19419
38535
48144
4137
38534
15597
29937
20509
34945
4142
34718
32805
23795
41404
23247
4148
48931
34954
35258
32801
4154
48568
27076
19436
10698
9885
4160
38540
32811
30349
48637
19285
4165
34724
38539
19442
45161
9897
4171
27082
32817
10715
36837
4177
45086
15625
40178
15634
42485
4182
34729
15631
36636
15640
46244
4188
15637
38544
38725
23276
4194
44280
48123
44278
38552
39980
4200
34735
15643
19464
32371
9925
4205
43458
32828
19470
10743
9931
4211
38955
32825
10749
9937
4217
46184
27104
29971
38558
19954
4222
34741
15660
32831
42641
19960
4228
15665
38316
15674
41545
4234
47852
15671
19487
10766
32835
4240
34746
30383
19493
10772
36655
4245
34752
15677
44283
10778
44281
4251
15683
19499
19977
9971
4257
45705
38562
32843
37137
14977
4262
34758
27127
34994
42646
40145
4268
27133
41428
38569
38748
4274
38568
15700
19516
10801
44257
4280
43469
30401
42381
41424
19991
4285
34764
15705
19522
45718
43566
4291
30406
38573
38575
36672
4297
38574
15717
45003
20612
45001
4302
34769
30412
32860
20618
10017
4308
32868
36880
37145
27040
4314
48575
27156
23892
15737
27155
4320
34775
30418
19544
41438
42508
4325
42390
32874
19550
10846
23356
4331
27162
30423
10852
35017
4337
48574
15745
46326
15754
10045
4342
34781
15751
23909
15760
10051
4348
15757
32877
43580
10057
4354
49195
30435
19567
38592
24315
4360
34786
15763
19573
10875
35020
4365
34792
38590
23921
10881
44388
4371
30441
19579
40377
43346
4377
44302
27184
41441
38598
36695
4382
34798
15780
23932
32893
43350
4388
15785
30045
15794
10091
4394
47555
15791
19596
10903
23803
4400
47860
42516
30452
10909
20074
4405
34804
15797
19602
38604
20080
4411
15803
30458
42634
24349
4417
45017
32908
38602
41453
35045
4422
34809
27207
23955
47510
20083
4428
27213
32905
38609
36712
4434
38608
15820
32914
10938
23834
4440
34815
38607
19624
41276
44186
4445
48397
15825
19630
30475
38375
4451
45727
32917
10955
35053
4457
38614
15837
36716
20715
32565
4462
34821
32925
47200
20721
23436
4468
40241
45020
35361
32921
4474
49389
27236
19647
15857
10165
4480
34826
30486
19653
24394
48385
4485
34832
38619
48778
10983
10177
4491
27242
19659
10989
23860
4497
45121
15865
40246
15874
44285
4502
34838
15871
30097
15880
40049
4508
15877
38624
20749
27252
4514
42419
40252
19676
11006
36735
4520
38631
15883
42421
11012
10205
4525
34844
32948
19682
11018
10211
4531
48404
32945
41478
10217
4537
46213
27264
48601
38638
42801
4542
34849
15900
32951
24425
24423
4548
15905
41475
15914
38817
4554
48755
15911
24029
11041
30116
4560
34855
30521
19704
45132
36746
4565
38643
15917
19710
38644
36752
4571
15923
30526
27640
10251
4577
47874
38642
32963
46403
19565
4582
34861
27287
30131
41482
41437
4588
27293
44322
38649
20200
4594
38648
15940
19727
48201
40064
4600
34866
30538
19733
37225
32972
4605
34872
15945
24058
11086
20203
4611
30543
19739
11092
36764
4617
38654
15957
38825
47908
15251
4622
34878
30549
24069
20823
10297
4628
32988
46275
37237
41318
4634
48795
27316
19756
15977
27315
4640
38660
48802
30555
11115
41316
4645
34884
32994
19762
11121
43386
4651
27322
30561
47875
43618
4657
49921
15985
40281
15994
10325
4662
34889
15991
24092
16000
10331
4668
15997
32997
20852
10337
4674
48783
30572
45817
11143
37246
4680
34895
16003
19784
11149
32651
4685
43526
38670
19790
16017
40089
4691
30578
41508
24514
23567
4697
44342
27344
40031
38678
36786
4702
34901
16020
24115
24517
36792
4708
16025
38675
16034
10371
4714
45751
16031
19807
11178
38444
4720
34906
47213
19813
41511
41637
4725
34912
16037
24126
38684
24526
4731
16043
19819
11195
42573
4737
45051
33028
38682
37265
30196
4742
34918
27367
42577
46289
33023
4748
27373
33025
38689
36804
4754
38688
16060
19836
30905
44226
4760
47877
30606
42461
38860
37011
4765
34924
16065
19842
11223
15365
4771
42726
33037
11229
20320
4777
38694
16077
30217
48611
35157
4782
34929
33045
40309
20926
27389
4788
47883
37275
35463
20323
4794
49059
27396
42466
11246
10445
4800
34935
30623
19864
11252
43611
4805
42470
38699
19870
11258
10457
4811
27402
33057
45762
38466
4817
48592
16105
41531
16114
40116
4822
34941
16111
46706
16120
20354
4828
16117
38704
20955
23647
4834
44360
45229
19887
11281
36826
4840
34946
16123
19893
27763
10485
4845
34952
33068
41533
16137
10491
4851
30646
19899
45235
10497
4857
49061
27424
30251
38718
46823
4862
34958
16140
33071
37308
44441
4868
16145
47218
16154
40129
4874
49394
16151
19916
27436
20380
4880
43555
30658
49477
41540
48145
4885
34964
16157
19922
11326
36844
4891
16163
30663
11332
10531
4897
48590
38722
33083
35498
40283
4902
34969
27447
24229
49205
45682
4908
27453
41548
38729
42604
4914
38728
16180
24235
24640
44446
4920
34975
33097
19944
11355
30276
4925
43561
16185
19950
11361
35211
4931
30681
38733
38735
43430
4937
38734
16197
43432
27817
15497
4942
34981
43660
24252
24657
10577
4948
33108
45689
43668
37060
4954
45172
27476
19967
11383
27475
4960
34986
47628
19973
11389
40144
4965
34992
33114
24263
30997
23727
4971
27482
19979
41555
20443
4977
49302
16225
46378
16234
10605
4982
34998
16231
24275
16240
10611
4988
16237
33117
43671
10617
4994
42499
30709
19996
11418
40158
5000
38751
16243
42501
31006
35231
5005
35004
38750
20002
16257
20474
5011
33131
45178
11435
23756
5017
44382
27504
41561
38758
45085
5022
35009
16260
38756
33133
36884
5028
16265
30325
16274
10651
5034
45780
16271
42506
27516
15571
5040
35015
30726
20024
48944
38937
5045
38763
16277
20030
11463
48218
5051
16283
37360
11469
40169
5057
48364
33148
38762
37357
20500
5062
35021
27527
41396
35257
33143
5068
27533
33145
38769
44383
5074
38768
16300
20047
11486
49308
5080
35026
30743
20053
11492
41403
5085
35032
16305
33160
11498
33065
5091
37363
20059
38775
27897
5097
38774
16317
38772
42897
39967
5102
35038
30755
45189
45938
23807
5108
40378
43455
35566
33161
5114
49471
27556
20076
11521
10725
5120
38780
30761
38954
24754
27087
5125
35044
38779
20082
24760
10737
5131
27562
30766
41584
15645
5137
47196
16345
40383
16354
37120
5142
35049
16351
30377
16360
47245
5148
16357
38784
46446
23836
5154
44400
40389
24372
38792
40191
5160
35055
16363
20104
20571
10765
5165
49386
33188
20110
11566
10771
5171
30783
33185
11572
10777
5177
46264
27584
48164
38798
40198
5182
35061
16380
24389
24785
35293
5188
16385
40196
16394
20594
5194
49311
16391
20127
27596
20591
5200
35066
44485
20133
11595
36935
5205
35072
16397
24401
11601
40203
5211
16403
20139
40204
10811
5217
45797
38802
33203
35601
27949
5222
35078
27607
24412
37403
42652
5228
27613
44402
38809
40360
5234
38808
16420
20156
11623
35305
5240
46846
33217
42541
11629
20620
5245
35084
16425
20162
45277
40207
5251
30818
38813
38815
36952
5257
38814
16437
35320
21229
27514
5262
35089
40412
24435
48231
10857
5268
33228
45104
41613
45632
5274
46331
27636
42546
11658
27635
5280
35095
45809
20184
28429
44295
5285
42550
33234
20190
31137
23916
5291
27642
43714
11675
35331
5297
49849
16465
40418
16474
10885
5302
35101
16471
43484
16480
10891
5308
16477
33237
43718
10897
5314
48602
33245
20207
38832
20674
5320
35106
16483
20213
30447
32897
5325
35112
38830
47906
11703
37167
5331
33251
20219
11709
45118
5337
44422
27664
45185
38838
36975
5342
35118
16500
38836
24877
44418
5348
16505
38835
16514
10931
5354
47207
16511
20236
11726
15817
5360
46812
30863
39229
11732
40238
5365
35124
16517
20242
11738
28025
5371
16523
49505
28034
20714
5377
47903
33268
38842
47978
20711
5382
35129
27687
46858
43721
33263
5388
27693
33265
38849
36992
5394
38848
16540
24509
11761
44310
5400
35135
30881
20264
35365
15851
5405
48609
16545
20270
44426
42527
5411
30886
33277
38855
42682
5417
38854
16557
30497
21332
45122
5422
35141
30892
41645
21338
23996
5428
40446
43726
40600
33281
5434
48608
27716
20287
16577
11005
5440
35146
30898
20293
40597
24403
5445
35152
38859
24538
11806
11017
5451
27722
20299
11812
40401
5457
45223
16585
41651
16594
35380
5462
35158
16591
24549
16600
39037
5468
16597
38864
46346
27732
5474
42579
30915
20316
38872
37015
5480
38871
16603
42581
11835
11045
5485
35164
33308
20322
11841
11051
5491
30921
33305
28532
11057
5497
46293
27744
30531
38878
20794
5502
35169
16620
24572
42846
20800
5508
16625
44324
16634
43837
5514
48597
16631
42586
11863
33315
5520
35175
37483
20344
11869
37026
5525
38883
16637
20350
38884
37032
5531
16643
30938
20817
11091
5537
45825
38882
33323
35703
37234
5542
35181
27767
24595
45314
38655
5548
27773
41668
38889
28117
5554
38888
16660
20367
11898
40275
5560
35186
33337
20373
41664
20831
5565
35192
16665
24606
30955
45746
5571
46358
20379
11915
37044
5577
38894
16677
43524
21435
28126
5582
35198
43751
33340
21441
11137
5588
33348
47878
37505
32996
5594
48615
27796
20396
16697
27795
5600
38900
30966
46356
41678
35425
5605
35204
33354
20402
11943
35434
5611
27802
47226
11949
40287
5617
48614
16705
40486
16714
11165
5622
35209
16711
35440
16720
11171
5628
16717
33357
21469
11177
5634
47577
33365
35732
11966
25035
5640
35215
16723
20424
11972
42725
5645
43663
38910
20430
11978
37521
5651
33371
45246
39303
24127
5657
44462
27824
35443
38918
37066
5662
35221
16740
38916
33373
37072
5668
16745
30605
16754
11211
5674
47925
16751
20447
12001
35377
5680
35226
31001
20453
45252
20914
5685
35232
16757
46310
38924
20920
5691
16763
20459
39097
25069
5697
46767
33388
38922
41693
41692
5702
35238
27847
44346
48809
20923
5708
27853
33385
38929
37084
5714
38928
16780
20476
28641
16091
5720
43675
31018
42621
44545
16097
5725
35244
16785
20482
12046
39098
5731
31023
33397
12052
39108
5737
38934
16797
37087
48464
35171
5742
35249
31029
24709
21543
27869
5748
48442
43546
49498
33401
5754
49920
27876
24715
16817
11285
5760
35255
33411
20504
12075
38712
5765
42630
38939
20510
12081
11297
5771
27882
31041
37557
40124
5777
45258
16825
40521
16834
45769
5782
35261
16831
24732
16840
40329
5788
16837
38944
21572
24207
5794
44480
31052
20527
12103
37106
5800
35266
16843
20533
12109
11325
5805
35272
33428
24743
16857
11331
5811
31058
20539
41718
11337
5817
47629
27904
45169
38958
45243
5822
35278
16860
24755
25145
25143
5828
16865
35500
16874
49323
5834
45771
16871
20556
12138
30676
5840
43692
42898
31069
45269
40340
5845
35284
16877
20562
38964
37124
5851
16883
44484
12155
11371
5857
48619
38962
33443
35806
24643
5862
35289
27927
30691
41722
16205
5868
27933
44482
38969
21040
5874
38968
16900
42903
48658
35517
5880
35295
31086
20584
37585
33452
5885
43698
16905
20590
12183
21043
5891
35525
38973
12189
44486
5897
38974
16917
47962
43795
24674
5902
35301
40549
33460
21646
11417
5908
33468
47186
37597
38746
5914
45275
27956
20607
12206
27955
5920
35306
31103
20613
12212
33125
5925
35312
33474
47251
12218
24287
5931
27962
20619
39154
46836
5937
49406
16945
48813
16954
11445
5942
35318
16951
46790
16960
11451
5948
16957
33477
21675
11457
5954
42659
33485
20636
12241
39157
5960
38991
16963
42661
21097
35245
5965
35324
38990
20642
16977
40369
5971
31126
41748
25234
24316
5977
44502
27984
49830
38998
48767
5982
35329
16980
38996
25237
37164
5988
16985
38995
16994
11491
5994
45871
16991
24852
27996
43684
6000
35335
31138
20664
41751
33754
6005
39003
16997
20670
12286
25246
6011
17003
31143
12292
37623
6017
46394
33508
39002
37625
30756
6022
35341
28007
24869
35571
33503
6028
28013
33505
39009
43590
6034
39008
17020
20687
44698
16337
6040
35346
39007
20693
12315
38951
6045
35352
17025
24881
12321
47546
6051
31161
20699
39015
21160
6057
39014
17037
30777
43820
40384
6062
35358
33525
24892
41764
24367
6068
40583
45198
45884
21163
6074
49320
28036
20716
12343
11565
6080
39020
33531
31172
12349
16371
6085
35364
39019
20722
44703
11577
6091
28042
31178
43828
41598
6097
48632
17065
41771
17074
35591
6102
35369
17071
24915
17080
21194
6108
17077
39024
43824
24396
6114
44520
31189
44518
12378
44515
6120
35375
17083
20744
45366
11605
6125
45883
33548
20750
17097
11611
6131
45889
33545
12395
11617
6137
46344
28064
30811
39038
37658
6142
35381
17100
33551
37668
39203
6148
17105
33211
17114
40409
6154
45205
17111
20767
28076
21220
6160
35386
31206
20773
41780
37215
6165
35392
17117
44523
12423
44521
6171
17123
20779
12429
11651
6177
47948
39042
33563
42955
45206
6182
35398
28087
45209
47691
47249
6188
28093
41788
39049
37675
6194
39048
17140
20796
12446
43705
6200
45211
31223
42701
12452
30836
6205
35404
17145
20802
12458
46409
6211
47308
39053
39055
37232
6217
39054
17157
47263
46921
27647
6222
35409
31235
33580
25377
11697
6228
33588
45807
46481
16485
6234
45309
28116
24989
12481
28115
6240
35415
31241
20824
41798
35637
6245
42710
33594
20830
37693
24476
6251
28122
31246
35645
21283
6257
1
17185
40623
6
11725
6262
35421
17191
12
17200
11731
6268
17197
33597
18
11737
6274
47611
33605
23
39072
40438
6280
29
17203
20853
28480
40436
35
35432
39070
25018
12526
21314
41
31263
20859
12532
43626
46
44542
28144
41801
52
37255
6302
35438
17220
25029
58
40443
6308
17225
30885
63
11771
6314
45900
69
20876
28156
24914
6320
75
44620
31275
12555
44628
6325
81
17237
20882
12561
49480
86
17243
31281
49915
92
6337
49331
33628
39082
37717
98
6342
35449
28167
25052
103
33623
6348
28173
109
39089
37272
6354
39088
115
33634
12583
28060
6360
35455
121
20904
12589
42687
6365
126
17265
20910
44546
132
6371
31298
33637
39095
42844
138
39094
17277
37276
21949
143
6382
35461
33645
149
31600
24556
6388
45397
155
35978
33641
6394
49405
28196
161
12618
11845
6400
35466
166
20933
25474
16617
172
35472
39099
25086
25480
11857
178
28202
20939
12635
48436
183
45326
17305
40658
189
38876
6422
35478
17311
195
17320
43840
6428
17317
39104
201
28212
6434
42739
43871
206
39112
37295
6440
212
17323
42741
21411
11885
6445
218
33668
20962
12663
11891
223
37754
33665
12669
229
6457
46373
28224
35714
235
40478
6462
35489
17340
33671
241
49110
6468
17345
35711
246
21434
6474
48415
252
42746
12686
21431
6480
35495
258
20984
12692
37306
6485
263
17357
20990
12698
269
6491
17363
44564
40484
275
6497
45917
39122
33683
45924
281
6502
35501
28247
30971
286
20857
6508
28253
292
39129
43881
6514
39128
17380
298
12721
42868
6520
35506
303
21013
45922
21460
309
35512
17385
43883
45417
315
6531
31366
21019
39135
37324
321
39134
17397
47321
22052
326
6542
35518
31372
332
22058
11977
6548
33708
42865
338
42723
6554
49558
28276
343
17417
28275
6560
349
31378
46948
47998
45152
355
35524
33714
21042
12766
43666
361
28282
31383
12772
39314
366
49748
17425
46436
372
12005
6582
35529
17431
25189
378
12011
6588
17437
33717
383
12017
6594
47963
389
25195
39152
21514
6600
395
17443
21064
12795
45323
6605
401
39150
21070
12801
44660
406
31401
41868
25594
412
6617
44582
28304
47922
39158
418
6622
35541
17460
25212
423
37352
6628
17465
429
17474
12051
6634
47287
435
21087
12823
44466
6640
35546
441
21093
12829
40518
6645
446
17477
25223
39164
452
6651
17483
21099
42889
21554
458
48792
33748
39162
43908
463
6662
35558
28327
469
40660
33743
6668
28333
475
39169
37364
6674
39168
17500
481
12858
25120
6680
43812
486
42781
41875
28669
492
35564
17505
21122
31435
37565
498
45434
33757
12875
48223
503
39174
17517
31057
509
35785
6702
35569
33765
515
22161
28349
6708
40721
35794
521
33761
6714
48648
28356
526
17537
12125
6720
532
31446
21144
40865
40335
6725
538
39179
21150
12903
12137
543
28362
33777
12909
549
6737
45361
17545
40726
555
46897
6742
35581
17551
47638
561
43915
6748
17557
39184
566
24767
6754
44600
572
21167
12926
37386
6760
35586
578
21173
12932
12165
6765
583
33788
37837
12938
589
6771
39572
21179
29149
595
6777
49101
28384
31091
39198
601
6782
35598
17580
33791
606
21640
6788
17585
612
17594
36040
6794
47636
17591
618
12961
33795
6800
43829
623
45951
41900
40551
629
35604
17597
21202
39204
635
6811
17603
31486
21657
12211
641
45945
39202
33803
37857
646
6822
35609
28407
652
43058
45351
6828
28413
41908
658
28745
6834
39208
17620
663
25720
42915
6840
669
31498
21224
41904
21671
675
44611
17625
21230
13006
43926
681
31503
39213
13012
40563
686
39214
17637
43712
692
38992
6862
35621
31509
25349
698
12257
6868
33828
47641
703
48386
6874
48655
709
21247
17657
28435
6880
715
37874
21253
13035
45282
6885
721
33834
25361
13041
24847
726
28442
21259
39165
732
6897
48654
17665
40761
17674
738
6902
35638
17671
25372
743
12291
6908
17677
749
22292
12297
6914
42819
755
21276
13063
25755
6920
39231
761
42821
13069
35860
6925
766
39230
21282
17697
772
6931
31538
45383
46594
24876
778
44622
28464
41921
39238
783
6942
35649
17700
789
33853
37444
6948
17705
795
17714
12331
6954
47692
17711
801
13098
40723
6960
35655
806
21304
45389
21754
812
39243
17717
21310
39244
21760
818
17723
48013
13115
25789
823
45297
33868
39242
829
35885
6982
35661
28487
835
47983
21763
6988
28493
33865
841
44623
6994
39248
17740
846
29258
41769
7000
852
31566
21333
37651
28047
7005
858
17745
33880
13143
39026
863
43086
21339
13149
869
7017
39254
17757
39252
875
40595
7022
35678
33885
40789
881
24927
7028
43960
43735
886
33881
7034
49878
892
21356
13166
12405
7040
39260
898
46918
13172
28846
7045
903
39259
21362
13178
909
7051
28522
33897
37917
915
7057
45977
17785
48864
17794
921
7062
35689
17791
31217
926
40609
7068
17797
932
22395
24956
7074
44640
46549
938
13201
44635
7080
35695
943
21384
28874
12445
949
47698
33908
21390
17817
955
7091
31606
33905
41958
12457
961
46424
28544
48492
39278
966
7102
35701
17820
972
25865
25863
7108
17825
41955
978
46484
7114
48237
17831
983
28556
31236
7120
989
31618
21413
48996
37495
995
35712
17837
25498
13246
43750
1001
17843
21419
13252
12491
1006
47994
39282
33923
1012
40426
7142
35718
28567
25509
1018
41796
7148
28573
44642
1023
21880
7154
39288
1029
21436
39457
40624
7160
1035
33937
42861
13275
33932
7165
1041
17865
21442
13281
21883
1046
31641
39293
39295
1052
7177
39294
17877
42973
46606
1058
7182
35729
42977
25532
1063
12537
7188
33948
1069
37957
43853
7194
45412
1075
42866
13303
28595
7200
35735
1081
21464
13309
39017
7205
1086
33954
21470
29361
1092
7211
28602
31658
47995
43978
1098
49944
17905
47738
17914
1103
7222
35741
17911
1109
17920
12571
7228
17917
1115
31954
12577
7234
49243
31669
1121
13338
37966
7240
35746
1126
21493
21937
39469
1132
35752
39310
25566
17937
40649
1138
33971
21499
13355
46493
1143
44662
28624
46492
1149
37535
7262
35758
17940
1155
25957
44658
7268
17945
39315
1161
12611
7274
45991
17951
1166
28636
44550
7280
1172
31686
45998
41991
37727
7285
1178
17957
21522
13383
25966
1183
17963
40985
13389
1189
7297
45331
33988
39322
1195
31316
7302
35769
28647
45327
1201
33983
7308
28653
33985
1206
37552
7314
39328
1212
33994
13406
28207
7320
35775
1218
21544
13412
25483
7325
1223
17985
21550
13418
1229
7331
43138
33997
39335
1235
7337
39334
17997
31337
46572
1241
7342
35781
31715
42005
1246
25116
7348
40858
1252
36286
22003
7354
49929
28676
1258
13441
12685
7360
35786
1263
21573
47004
25514
1269
35792
39339
49234
41003
1275
7371
28682
21579
46002
45925
1281
48672
18025
40863
18034
1286
7382
35798
18031
1292
18040
22034
7388
18037
39344
1298
28692
7394
42899
40869
1303
39352
37575
7400
1309
18043
42901
43007
12725
1315
35804
34028
21602
13486
12731
1321
31743
34025
13492
12737
1326
46453
28704
31371
1332
39517
7422
35809
18060
25669
1338
37777
7428
18065
41676
1343
40689
7434
48836
1349
25675
28716
22060
7440
1355
44017
21624
13515
37586
7445
1361
18077
21630
13521
37592
1366
18083
31761
45346
1372
7457
48670
39362
34043
36321
1378
7462
35821
28727
25692
1383
43765
7468
28733
1389
39369
43131
7474
39368
1395
21647
13543
44575
7480
35826
1401
21653
13549
31396
7485
1406
18105
25703
48036
1412
7491
31778
21659
39375
37604
1418
39374
18117
43804
22669
1423
7502
35838
40892
1429
26097
12817
7508
34068
1435
44028
46443
7514
48877
28756
1441
13578
28755
7520
39380
1446
31789
42038
40704
1452
35844
34074
21682
32077
45358
1458
28762
47346
13595
22123
1463
49342
18145
40898
1469
12845
7542
35849
18151
1475
18160
12851
7548
18157
34077
1481
12857
7554
49001
34085
1486
39392
40718
7560
1492
18163
21704
45521
36071
7565
1498
39390
21710
13623
22154
1503
34091
48697
13629
1509
7577
44702
28784
42041
1515
37626
7582
35861
18180
39396
1521
37632
7588
18185
31445
1526
12891
7594
46020
1532
21727
13646
17531
7600
35866
1538
21733
13652
46524
7605
1543
18197
46470
13658
1549
7611
18203
21739
28697
1555
7617
48843
34108
39402
38077
1561
7622
35878
28807
46447
1566
34103
7628
28813
1572
39409
37644
7634
39408
18220
1578
13681
41887
7640
43949
1583
42941
48881
39192
1589
35884
18225
21762
44706
1595
7651
31846
34117
39415
47398
1601
39414
18237
37647
22772
1606
7662
35889
31852
1612
22778
28829
7668
40926
43826
1618
34121
7674
49500
28836
1623
18257
12965
7680
1629
31858
21784
26194
28396
1635
42950
39419
21790
13726
12977
1641
28842
31863
13732
17605
1646
45463
18265
49361
1652
44604
7702
35901
18271
25829
1658
44798
7708
18277
39424
1663
25327
7714
44720
1669
21807
39432
37666
7720
1675
18283
21813
13755
13005
7725
1681
34148
25841
13761
13011
1686
31881
21819
42078
1692
7737
47732
28864
44797
39438
1698
7742
35918
18300
25852
1703
29197
7748
18305
1709
18314
22274
7754
49133
1715
21836
13783
22271
7760
44725
1721
31892
13789
49555
7765
1726
18317
21842
39444
1732
7771
18323
31898
40764
13051
1738
46037
39442
34163
36423
1743
7782
35929
28887
1749
38123
25751
7788
28893
1755
39449
44801
7794
39448
18340
1761
13818
36145
7800
35935
1766
21864
44068
22300
1772
44731
18345
21870
31915
40767
1778
43076
39453
13835
44726
1783
39454
18357
36160
1789
45364
7822
35941
44803
1795
22881
13097
7828
34188
43077
1801
43948
7834
48286
28916
1806
18377
28915
7840
1812
31926
21893
48749
46973
7845
1818
34194
47371
13863
25407
1823
28922
21899
13869
1829
7857
49623
18385
40966
1835
13125
7862
35958
18391
47366
1841
13131
7868
18397
34197
1846
13137
7874
42979
1852
21916
13886
22354
7880
39471
1858
42981
13892
39247
7885
1863
39470
21922
13898
1869
7891
34211
42108
26314
1875
7897
44742
28944
44626
39478
1881
7902
35969
18420
39476
1886
37724
7908
18425
1892
18434
13171
7914
47367
18431
1898
13921
17777
7920
35975
1903
21944
42111
40798
1909
39483
18437
21950
39484
1915
7931
18443
31966
41121
22394
1921
48023
34228
39482
46618
1926
7942
35981
28967
1932
39643
34223
7948
28973
34225
1938
40803
7954
39488
18460
1943
38173
39272
7960
1949
31978
21973
36205
17811
1955
35992
18465
25978
13966
45306
1961
31983
21979
13972
44086
1966
39494
18477
31617
1972
43108
7982
35998
31989
25989
1978
25487
7988
49354
44825
1983
34241
7994
48688
1989
21996
18497
13245
8000
1995
34251
31995
13995
39445
8005
2001
39499
22002
14001
13257
2006
29002
32001
38185
2012
8017
45498
18505
41001
18514
2018
8022
36009
18511
26012
2023
39665
8028
18517
2029
23012
25516
8034
44760
2035
44758
14023
40820
8040
36015
2041
22024
14029
13285
8045
2046
34268
22030
18537
2052
8051
32018
34265
38612
13297
2058
46504
29024
31651
39518
2063
8062
36021
18540
2069
43258
22480
8068
18545
2075
18554
47052
8074
48493
18551
2081
14058
34275
8080
36026
2086
22053
42140
37775
2092
36032
18557
26046
39524
44761
2098
18563
22059
14075
13331
2103
46065
39522
34283
2109
28607
8102
36038
29047
2115
43263
39306
8108
29053
42148
2121
36253
8114
39528
18580
2126
26440
33965
8120
2132
32046
43021
42144
22511
8125
2138
18585
22082
14103
48517
2143
45578
39533
14109
2149
8137
39534
18597
46950
2155
25960
8142
36049
41029
34300
2161
13377
8148
34308
33977
2166
43132
8154
45515
2172
43026
14126
29075
8160
36055
2178
22104
14132
36265
8165
2183
34314
22110
14138
2189
8171
29082
41035
39700
2195
8177
48694
18625
49031
18634
2201
8182
36061
18631
36280
2206
13411
8188
18637
2212
23115
13417
8194
48476
34325
2218
14161
26475
8200
36066
2223
22133
45430
49247
2229
36072
39550
36561
18657
2235
8211
32086
22139
39921
43906
2241
44782
29104
36283
39558
2246
8222
36078
18660
2252
34333
43910
8228
18665
31725
2258
13451
8234
48045
18671
2263
29116
31634
8240
2269
32098
44961
46577
22594
2275
36084
18677
22162
14206
22600
2281
18683
32103
14212
26509
2286
46956
34348
39562
2292
42172
8262
36089
29127
26149
2298
22603
8268
29133
34345
2303
37832
8274
39568
2309
26155
47066
18051
8280
2315
39567
22184
14235
18057
8285
2321
18705
22190
14241
45504
2326
32121
34357
39575
2332
8297
39574
18717
37836
34909
2338
8302
36101
34365
26172
2343
25676
8308
41063
2349
47869
34361
8314
49937
2355
22207
14263
13525
8320
36106
2361
22213
14269
39364
8325
2366
39579
26183
26560
2372
8331
29162
22219
38277
39531
2378
46097
18745
48049
18754
2383
8342
36118
18751
2389
18760
40889
8348
18757
2395
29497
29172
8354
43059
32149
2401
14298
37855
8360
39591
2406
43061
43169
13565
2412
36124
34388
22242
18777
13571
2418
48743
34385
14315
13577
2423
46533
29184
45449
2429
43271
8382
36129
18780
2435
26585
26583
8388
18785
36340
2441
39757
8394
46017
18791
2446
29196
31796
8400
2452
32166
22264
47772
37866
8405
2458
18797
22270
14343
37872
2463
18803
44804
14349
2469
8417
48699
39602
34403
2475
46077
8422
36141
29207
31811
2481
18165
8428
29213
44802
2486
22720
8434
39608
2492
22287
14366
36357
8440
36146
2498
22293
14372
34412
8445
2503
18825
46658
14378
2509
8451
36365
22299
39615
2515
8457
39614
18837
39777
41051
2521
8462
36158
32195
34420
2526
13657
8468
34428
2532
38317
48505
8474
45549
29236
2538
14401
29235
8480
39620
2543
44157
29972
40915
2549
36164
34434
22322
29978
2555
8491
29242
32206
46598
46026
2561
49441
18865
41103
18874
2566
8502
36169
18871
2572
18880
13691
8508
18877
34437
2578
13697
8514
48886
34445
2583
39632
39785
8520
2589
18883
22344
22777
38083
2595
48017
39630
22350
14446
40929
2601
32223
42228
14452
25807
2606
44822
29264
34125
2612
37906
8542
36181
18900
26309
2618
37912
8548
18905
39635
2623
13731
8554
46111
2629
22367
29276
26200
8560
2635
45466
22373
14475
44900
8565
2641
18917
26321
14481
26686
2646
18923
22379
22811
2652
8577
49443
34468
39642
38345
2658
8582
36198
29287
26332
2663
34463
8588
29293
2669
39649
37924
8594
39648
2675
22396
14503
18297
8600
48704
2681
43101
14509
29194
8605
2686
18945
22402
44826
2692
8611
32258
34477
39655
22840
2698
39654
18957
31897
23389
2703
8622
36209
34485
2709
42244
29309
8628
48710
2715
36698
22843
8634
49139
29316
2721
14538
13805
8640
36215
2726
22424
40023
18331
2732
43110
39659
22430
46723
13817
2738
29322
34497
14555
39818
2743
45566
18985
41138
2749
36431
8662
36221
18991
2755
19000
22874
8668
18997
39664
2761
25887
8674
44840
48516
2766
39672
37946
8680
2772
19003
22453
48093
13845
8685
2778
34508
42253
14583
13851
2783
46129
22459
14589
2789
8697
49141
29344
31931
2795
38378
8702
36238
19020
34511
2801
47818
8708
19025
46049
2806
40969
8714
45485
2812
22476
14606
22900
8720
44845
2818
47789
14612
46051
8725
2823
19037
22482
14618
2829
8731
19043
44844
45092
2835
8737
48068
39682
34523
48066
2841
8742
36249
29367
45489
2846
31567
8748
29373
2852
39689
29697
8754
39688
19060
2858
14641
45460
8760
36255
2863
22504
38397
31956
2869
44851
19065
22510
40052
2875
8771
32326
39693
39695
43990
2881
39694
19077
43992
23492
2886
8782
36261
32332
2892
23498
13937
8788
34548
46544
2898
18445
8794
49038
29396
2903
19097
29395
8800
2909
32338
22533
42278
36477
2915
36272
34554
26458
14686
25967
2921
29402
22539
14692
22963
2926
49573
19105
44203
2932
13965
8822
36278
19111
26469
2938
13971
8828
19117
34557
2943
13977
8834
43139
2949
22556
39712
40998
8840
2955
19123
43141
14715
40996
8845
2961
39710
22562
14721
22994
2966
32361
47825
41317
2972
8857
44862
29424
42281
39718
2978
8862
36289
19140
26492
2983
38004
8868
19145
2989
19154
14011
8874
46140
2995
43146
14743
42129
8880
36295
3001
22584
14749
39877
8885
3006
19157
22590
39724
3012
8891
19163
32378
48495
41009
3018
47465
34588
39722
38437
3023
8902
36301
29447
3029
41007
34583
8908
29453
3035
39729
44863
8914
39728
19180
3041
14778
44835
8920
36306
3046
22613
45506
38618
3052
36312
19185
26526
32395
45415
3058
38443
22619
14795
34840
3063
39734
19197
39732
3069
46071
8942
36318
34605
3075
23601
26047
8948
41201
44015
3081
34601
8954
49815
29476
3086
19217
14085
8960
3092
32406
36531
26914
18577
8965
3098
39739
22642
14823
14097
3103
29482
34617
14829
3109
8977
45601
19225
41206
3115
34297
8982
36329
19231
32057
3121
32331
8988
19237
39744
3126
26076
8994
44880
3132
44878
14846
41031
9000
36335
3138
22664
14852
14125
9005
3143
34628
22670
14858
3149
9011
38474
34625
42318
3155
9017
46584
29504
36554
39758
3161
9022
36341
19260
34631
3166
29825
9028
19265
3172
19274
23114
9034
48506
19271
3178
14881
23111
9040
36346
3183
22693
45612
38055
3189
36352
19277
44883
39764
3195
9051
19283
22699
41044
14171
3201
46157
39762
34643
46164
3206
9062
36358
29527
3212
38483
22571
9068
29533
44882
3218
39923
9074
39768
19300
3223
41363
45522
9080
3229
32458
43181
46162
23140
3235
36364
19305
22722
14926
36577
3241
32463
39773
14932
38072
3246
39774
19317
44963
3252
38257
9102
36369
32469
26629
3258
14217
9108
34668
47762
3263
29443
9114
48884
3269
26635
19337
29555
9120
3275
46169
22744
14955
47068
9125
3281
34674
22750
14961
26156
3286
29562
32481
48322
3292
9137
49517
19345
41241
19354
3298
9142
36381
19351
26652
3303
14251
9148
19357
3309
23732
14257
9154
48083
3315
22767
14983
23194
9160
36386
3321
22773
14989
44792
9165
3326
39790
26663
19377
3332
9171
32498
22779
27034
38509
3338
44902
29584
46154
39798
3343
9182
36398
19380
3349
27037
44898
9188
19385
3355
19394
14291
9194
47447
19391
3361
15018
29167
9200
44172
3366
32509
42351
41078
3372
36404
19397
22802
39804
29917
3378
19403
40161
15035
23234
3383
47005
34708
39802
3389
23231
9222
36409
29607
3395
42314
34703
9228
29613
34705
3401
38112
9234
39808
19420
3406
32797
32437
9240
3412
32526
22824
42355
26594
9245
3418
19425
22830
15063
26591
3423
43446
34717
15069
3429
9257
39814
19437
32177
3435
36625
9262
36421
34725
41269
3441
26236
9268
49051
36634
3446
34721
9274
48728
3452
22847
15086
14365
9280
36426
3458
22853
15092
36356
9285
3463
39819
48051
15098
3469
9291
29642
22859
38545
3475
9297
48923
19465
42371
19474
3481
9302
36438
19471
38127
3486
48124
9308
19477
3492
23835
29652
9314
43219
49046
3498
15121
38135
9320
39831
3503
43221
32471
14405
3509
36444
34748
22882
19497
3515
9331
32566
34745
45711
14417
3521
46613
29664
32211
39838
3526
9342
36449
19500
3532
43463
23320
9348
19505
44989
3538
41245
9354
46660
19511
3543
29676
34755
9360
3549
32578
22904
42380
38146
3555
39843
19517
22910
15166
38152
3561
19523
32583
15172
14451
3566
46185
39842
34763
3572
18897
9382
36461
29687
26789
3578
26674
9388
29693
42388
3583
44286
9394
39848
3589
22927
27160
40927
9400
3595
34777
22933
15195
23351
9405
3601
19545
26801
15201
40003
3606
32601
22939
39855
3612
9417
39854
19557
44084
43445
3618
9422
36478
46196
26812
3623
14497
9428
34788
3629
38585
22817
9434
45652
3635
22956
15223
29715
9440
39860
3641
32612
15229
43348
9445
3646
34794
22962
49652
3652
9451
29722
32618
42236
36697
3658
48734
19585
46738
19594
3663
9462
36489
19591
3669
19600
14531
9468
19597
3675
44300
14537
9474
49641
32629
3681
15258
27195
9480
36495
3686
22984
46201
36700
3692
47083
39870
22990
19617
40025
3698
34811
45658
15275
26367
3703
44942
29744
42401
3709
38186
9502
36501
19620
3715
34813
38192
9508
19625
32285
3721
14571
9514
47829
19631
3726
29756
38377
9520
3732
32646
23013
49167
23434
9525
3738
19637
46630
15303
23440
3743
19643
23019
15309
3749
9537
45577
34828
39882
3755
36725
9542
36518
29767
44185
3761
23443
9548
29773
34825
3766
38204
9554
39888
3772
23036
15326
48777
9560
49588
3778
43261
15332
29356
9565
3783
19665
23042
15338
3789
9571
43498
34837
39895
3795
9577
39894
19677
38207
44318
3801
9582
36529
32675
45669
3806
29789
9588
41338
3812
37006
34841
9594
49726
29796
3818
15361
14645
9600
36535
3823
23064
27274
26800
3829
43270
39899
23070
27280
3835
9611
29802
32686
38637
38405
3841
46217
19705
41343
19714
3846
9622
36541
19711
3852
19720
41169
9628
19717
39904
3858
26447
9634
44960
41349
3863
39912
38226
9640
3869
19723
23093
42545
14685
3875
36552
34868
26938
15406
14691
3881
32703
23099
15412
14697
3886
47835
29824
49383
3892
45038
9662
36558
19740
26949
3898
27303
9668
19745
42435
3903
48346
9674
49635
3909
23116
29836
32356
9680
3915
44331
32715
15435
41180
9685
3921
19757
23122
15441
38244
3926
19763
32721
30160
3932
9697
48114
39922
34883
37041
3938
9702
36569
29847
26972
3943
46669
9708
29853
3949
39929
23560
9714
39928
3955
43521
15463
41184
9720
36575
3961
23144
15469
34892
9725
3966
19785
23150
38674
3972
9731
32738
39933
39935
44966
3978
39934
19797
47166
24109
3983
9742
36581
41372
3989
46226
14777
9748
34908
3995
38677
36994
9754
49584
29876
4001
15498
29875
9760
36586
4006
23173
30589
43395
4012
36592
34914
27006
45228
26527
4018
29882
23179
15515
44338
4023
49993
19825
41378
4029
14805
9782
36598
19831
4035
19840
14811
9788
19837
34917
4041
14817
9794
43299
34925
4046
39952
38686
9800
4052
19843
43301
23617
34611
9805
4058
39950
23202
15543
41209
4063
34931
42468
15549
4069
9817
44982
29904
36537
4075
47436
9822
36609
19860
39956
4081
38284
9828
19865
39955
4086
14851
9834
46231
4092
43306
15566
39752
9840
36615
4098
23224
15572
49526
9845
4103
19877
23230
15578
4109
9851
19883
47578
23651
4115
9857
45611
34948
39962
38705
4121
9862
36621
29927
43417
4126
34943
9868
29933
4132
39969
44150
9874
39968
19900
4138
15601
29516
9880
36626
4143
23253
44355
45058
4149
36632
19905
34960
44986
4155
9891
32806
23259
39975
23680
4161
39974
19917
32457
24212
4166
9902
36638
32812
4172
24218
26607
9908
41406
38715
4178
23683
9914
49763
29956
4183
19937
14925
9920
4189
32818
48121
47920
42329
4195
36644
39979
23282
15646
14937
4201
29962
32823
15652
39775
4206
45703
19945
42491
4212
41236
9942
36649
19951
27109
4218
23714
9948
19957
39984
4223
26636
9954
45000
4229
27115
39992
44995
9960
4235
19963
23304
15675
14965
9965
4241
34988
23310
15681
14971
4246
32841
34985
30692
4252
9977
46664
29984
32491
39998
4258
9982
36661
19980
27132
4263
47129
9988
19985
4269
19994
41249
9994
49364
4275
23327
15703
23740
10000
36666
4281
23333
15709
38335
10005
4286
19997
27143
40004
4292
10011
20003
23339
45626
15011
4298
48750
40002
35003
37143
4303
10022
36678
30007
4309
49922
38517
10028
30013
4315
40009
43444
10034
40008
20020
4321
15738
40155
10040
44292
4326
43341
38757
32516
4332
36684
20025
23362
32875
36891
4338
48361
40013
15755
38352
4343
40014
20037
47503
4349
19417
10062
36689
44380
4355
24321
15057
10068
35028
47133
4361
42356
10074
47194
30036
4366
20057
30035
10080
4372
32886
23384
42518
41264
10085
4378
35034
23390
15783
26716
4383
30042
47506
15789
4389
10097
49382
20065
41446
4395
15085
10102
36701
20071
43453
4401
15091
10108
20077
35037
4406
15097
10114
49444
4412
23407
15806
41278
10120
36706
4418
23413
15812
36911
10125
4423
40030
37178
15818
4429
10131
35051
23419
41585
4435
10137
45022
30064
42521
40038
4441
10142
36718
20100
40036
4446
41283
10148
20105
4452
20114
15131
10154
46260
20111
4458
15841
19491
10160
44309
4463
38794
45732
44395
4469
36724
20117
23442
40044
4475
10171
20123
32926
27125
41289
4481
48552
35068
40042
38797
4486
10182
36729
30087
4492
36937
35063
10188
30093
35065
4498
38392
10194
40048
20140
4503
30801
38571
10200
4509
32938
23464
41595
39844
4515
46274
20145
23470
15886
23337
4521
32943
35077
15892
30417
4526
40054
20157
38396
4532
48948
10222
36741
32949
27269
4538
26796
10228
45201
47515
4543
35081
10234
49687
4549
23487
20177
15205
10240
4555
35091
23493
15915
46198
10245
4561
40059
27281
15921
15217
4566
30122
23499
42544
4572
10257
45738
20185
41481
20194
4578
10262
36758
20191
27292
4583
45111
10268
20197
4589
24452
30132
10274
43379
4595
23516
15943
38415
10280
40071
4601
43381
15949
15245
10285
4606
35108
23522
20217
4612
10291
32978
35105
42558
15257
4618
46693
30144
49186
40078
4623
10302
36769
20220
4629
27665
36973
10308
20225
4635
20234
23954
10314
48918
20231
4641
15978
23951
10320
36775
4646
23544
45749
38426
4652
40083
20237
23550
40084
38432
4658
20243
45044
15995
15291
4663
46277
40082
35123
4669
42409
10342
36781
30167
4675
38843
27220
10348
30173
45042
4681
38617
10354
40088
20260
4686
45218
36985
10360
4692
33006
23573
44428
23980
10365
4698
20265
46282
16023
41327
4703
45125
23579
16029
4709
10377
40094
20277
37000
4715
46681
10382
36798
41509
35140
4721
15337
10388
35148
45664
4726
42526
10394
45755
4732
23596
16046
30195
10400
40100
4738
44425
16052
44946
10405
4743
35154
23602
16058
4749
10411
30202
41515
41474
4755
10417
49525
20305
49540
20314
4761
10422
36809
20311
44232
4766
15371
10428
20317
4772
24555
15377
10434
48762
35165
4778
16081
24034
10440
36815
4783
23624
32687
34857
4789
46751
40110
23630
20337
4795
10451
33046
42588
27754
26927
4801
45062
30224
47871
40118
4806
10462
36821
20340
4812
27757
38472
10468
20345
40115
4818
15411
10474
47527
20351
4823
30236
19737
10480
4829
33058
23653
42591
41358
4835
36832
20357
27418
16126
30545
4841
20363
23659
16132
24074
4846
48143
35188
40122
4852
24071
10502
36838
30247
27429
4858
35183
10508
30253
35185
4863
38484
10514
40128
4869
23676
38893
39924
10520
4875
40127
43421
16155
19771
10525
4881
20385
23682
16161
32989
4886
33081
35197
40135
4892
10537
40134
20397
32737
46829
4898
10542
36849
35205
27452
4903
30269
10548
41543
4909
41680
35201
10554
48768
4915
43426
16183
15485
10560
36855
4921
23704
16189
42447
10565
4926
40139
23710
40297
4932
10571
30282
33098
38905
42295
4938
47917
20425
42611
20434
4943
10582
36861
20431
4949
20440
43533
10588
20437
4955
43755
27007
10594
45080
33109
4961
16218
38506
10600
36866
4966
23733
36796
15525
4972
36872
35228
27486
20457
15531
4978
48790
23739
16235
15537
4983
49181
30304
32771
4989
24154
10622
36878
20460
4995
48964
24160
10628
20465
47846
5001
45158
10634
49293
20471
5006
30316
35235
10640
5012
33126
46311
42620
41391
10645
5018
20477
23762
16263
38524
5023
20483
45084
16269
5029
10657
46305
40162
35243
5035
29916
10662
36889
30327
45157
5041
42471
10668
30333
42628
5046
30637
10674
40168
5052
44465
16286
41395
10680
36895
5058
23784
16292
24191
10685
5063
20505
23790
16298
5069
10691
44554
40173
40175
5075
10697
40174
20517
44272
30651
5081
10702
36901
33155
35260
5086
15617
10708
35268
5092
38945
27431
10714
45789
30356
5098
16321
30355
10720
36906
5103
23813
42638
37105
5109
36912
35274
49853
33425
5115
10731
30362
23819
43556
41407
5121
48774
20545
41583
20554
5126
10742
36918
20551
5132
20560
15651
10748
20557
35277
5138
15657
10754
43459
35285
5143
40192
27915
10760
5149
20563
43461
43563
43565
5155
36924
40190
23842
16366
38961
5161
33183
49083
16372
27116
5166
45102
30384
37123
5172
41420
10782
36929
20580
27589
5178
38564
10788
20585
32845
5183
15691
10794
48165
5189
27595
30396
27011
10800
5195
46300
23864
16395
24274
10805
5201
20597
23870
16401
24280
5206
20603
33201
43567
5212
10817
47549
35308
40202
42653
5218
10822
36941
30407
27612
5223
24283
10828
30413
5229
40209
45103
10834
40208
5235
23887
16423
20011
10840
36946
5241
23893
16429
20017
10845
5246
20625
27623
45106
5252
10851
33218
23899
40215
49223
5258
40214
20637
40212
24829
5263
10862
36958
35325
5269
35841
27167
10868
48818
5275
37418
35321
10874
49848
30436
5281
16458
15765
10880
40220
5286
33229
27994
45721
5292
36964
40219
23922
28000
15777
5298
30442
35337
16475
32527
5303
45806
20665
41618
5309
45785
10902
36969
20671
5315
20680
41449
10908
20677
40224
5321
27196
10914
45120
44500
5326
40232
45115
10920
5332
20683
23944
37371
15805
10925
5338
35348
23950
16503
15811
5343
45877
35345
16509
5349
10937
46744
30464
45729
5355
33171
10942
36981
20700
35351
5361
28023
10948
20705
37180
5366
40385
10954
46725
5372
23967
16526
32916
10960
36986
5378
23973
16532
38615
10965
5383
20717
45123
16538
5389
10971
20723
23979
35585
5395
10977
48779
40242
35363
42938
5401
10982
36998
30487
32931
5406
20125
10988
30493
5412
40249
24400
10994
40248
20740
5418
16561
37197
11000
44429
5423
43501
39025
35372
5429
37004
20745
24002
39034
5435
11011
33286
40253
40255
38632
5441
40254
20757
46804
24932
5446
11022
37009
33292
5452
24938
15897
11028
35388
45195
5458
40055
11034
48625
30516
5463
20777
30515
11040
5469
33298
24024
47652
35085
5475
43510
35394
24030
16606
27276
5481
30522
33303
16612
40211
5486
49851
20785
48603
5492
15925
11062
37021
20791
27749
5498
15931
11068
20797
35397
5503
15937
11074
49091
5509
24047
40272
43613
11080
5515
20803
24053
16635
45655
11085
5521
40270
27761
16641
41489
5526
33321
24059
28114
5532
11097
45142
30544
46276
40278
5538
11102
37038
20820
27772
5543
45138
11108
20825
5549
20834
15971
11114
46351
5555
24076
16663
41628
11120
49309
5561
33332
16669
45957
11125
5566
20837
24082
40284
5572
11131
20843
33338
24491
39063
5578
49604
35428
40282
39065
5583
11142
37049
30567
5589
37251
35423
11148
30573
5595
40289
38672
11154
40288
20860
5601
16698
20257
11160
37055
5606
24104
46284
32920
5612
46875
20865
24110
33355
41629
5618
48458
35437
16715
24520
5623
40294
20877
33017
5629
41504
11182
37061
35445
5635
25041
27356
11188
41681
45758
5641
24523
11194
49400
30596
5646
20897
16045
11200
5652
33366
24133
40641
20291
11205
5658
40299
49295
16743
16057
5663
30602
24139
16749
5669
11217
45841
20905
41686
5675
37271
11222
37078
20911
38687
5681
24554
11228
20917
40304
5686
30612
11234
43539
5692
24156
16766
38695
11240
40311
5698
43541
16772
16085
11245
5703
35468
24162
16778
5709
11251
46369
35465
31309
5715
11257
46773
30624
33051
40318
5721
11262
37089
20940
35471
5726
43642
11268
20945
5732
20954
41529
11274
45765
20951
5738
16801
24580
11280
37095
5743
24184
42740
38706
5749
40323
20957
24190
40324
5755
11291
20963
33406
40474
16131
5761
48188
40322
35483
48186
5766
11302
37101
30647
5772
43778
30554
11308
30653
42748
5778
39115
11314
40328
20980
5783
28240
48380
11320
5789
33418
24213
39117
33076
5795
37112
20985
27898
16846
41835
5801
33423
24219
16852
38724
5806
40334
20997
44364
5812
45066
11342
37118
33429
27909
5818
16177
11348
35508
44451
5823
20405
11354
49709
5829
24236
21017
30675
11360
5835
45338
33435
16875
37317
11365
5841
35514
24242
16881
44447
5846
30682
33441
37325
5852
11377
49901
21025
41721
21034
5858
11382
37129
21031
27932
5863
16211
11388
21037
5869
25172
16217
11394
47891
5875
46503
16903
41558
11400
37135
5881
24264
16909
41556
11405
5886
40350
24270
21057
5892
11411
33458
45863
44573
27487
5898
45182
30704
42761
40358
5903
11422
37141
21060
5909
35533
38752
11428
21065
5915
21074
16251
11434
46380
21071
5921
16938
40503
11440
37146
5926
24293
45869
40505
5932
37152
21077
27966
40364
38931
5938
21083
24299
16955
41569
5943
46840
35548
40362
5949
24700
11462
37158
30727
5955
41567
35543
11468
30733
35545
5961
38764
11474
40368
21100
5966
31418
47884
11480
5972
33486
43581
45786
27880
11485
5978
21105
24322
16983
42624
5983
39163
35557
16989
5989
11497
40374
21117
38767
5995
46318
11502
37169
35565
41749
6001
30749
11508
47293
44386
6006
35561
11514
49772
6012
43586
17006
16325
11520
37175
6018
24344
17012
20537
11525
6023
40379
24350
17018
6029
11531
30762
35577
42784
6035
11537
47596
21145
44594
21154
6041
11542
37181
21151
33177
6046
45264
11548
21157
6052
25275
27567
11554
45200
44591
6058
17041
38786
11560
37186
6063
24373
24771
16365
6069
37192
35588
39185
21177
6075
11571
33526
24379
42798
16377
6081
49551
30784
37394
40398
6086
11582
37198
21180
6092
28385
40548
11588
21185
37391
6098
24794
11594
48951
21191
6103
30796
24791
11600
6109
33538
48205
46405
45805
6115
37204
21197
24402
17086
38804
6121
21203
33543
17092
16411
6126
46397
40402
35603
6132
20611
11622
37209
30807
28069
6138
41432
11628
30813
45202
6143
44601
11634
40408
6149
28075
44602
43708
11640
6155
35617
24424
17115
24820
11645
6161
21225
24430
17121
37417
6166
33561
40413
40415
6172
11657
40414
21237
44497
41905
6178
11662
37221
45949
28092
6183
16457
11668
35628
6189
42813
32876
11674
45892
6195
24447
17143
30835
11680
37226
6201
24453
17149
40363
11685
6206
35634
28103
31521
6212
11691
30842
24459
45874
49717
6218
49545
21265
47645
21274
6223
11702
37238
21271
6229
21280
16491
11708
21277
6235
48269
16497
11714
43619
33589
6241
17178
24874
11720
40431
6246
43621
33247
48626
6252
37244
40430
24482
21297
47309
6258
35651
42828
17195
27676
6263
45222
30864
48596
6269
41631
11742
37249
21300
6275
28477
38844
11748
21305
40435
6281
16531
11754
47607
21311
6286
30876
30476
11760
6292
33606
24504
42831
41638
11765
6298
21317
24510
17223
37453
6303
21323
40778
17229
6309
11777
49703
35668
40442
6315
24911
11782
37261
30887
43731
6321
35663
11788
30893
35665
6326
41643
11794
40448
6332
24527
17246
45881
11800
37266
6338
24533
17252
42689
11805
6343
21345
35680
17258
6349
11811
43858
24539
40455
6355
11817
40454
21357
33297
44631
6361
11822
37278
33635
42845
6366
27727
11828
41818
6372
37726
35681
11834
48808
30916
6378
17281
16605
11840
40460
6383
41647
41945
46802
6389
37284
40459
24562
40611
6395
11851
30922
33646
39265
45886
6401
47320
21385
41823
21394
6406
11862
37289
21391
6412
21400
40617
11868
21397
40464
6418
27756
11874
45240
41829
6423
40472
41660
11880
6429
21403
24584
44377
16645
6435
48217
35708
24590
17326
16651
6441
33663
35705
17332
16657
6446
46824
30944
33331
6452
24994
11902
37301
21420
28229
6458
25000
11908
21425
35417
6463
44721
11914
46871
6469
24607
30956
35715
11920
6475
39283
24613
17355
38895
11925
6481
21437
28241
17361
45241
6486
21443
24619
25017
6492
11937
46425
40482
35723
37761
6498
11942
37318
30967
28252
6503
42718
11948
30973
6509
40489
31265
11954
40488
6515
24636
17383
39071
11960
49326
6521
43661
17389
25031
11965
6526
21465
24642
46438
6532
11971
33698
40493
40495
38912
6538
40494
21477
45843
25549
6543
11982
37329
41852
6549
28617
16737
11988
35748
6555
39305
24531
11994
48815
30996
6561
17418
30995
12000
37335
6566
24664
42878
45842
6572
43670
35754
24670
41988
27836
6578
31002
47626
17435
37537
6583
48814
21505
41858
6589
16765
12022
37341
21511
6595
21520
16771
12028
21517
35757
6601
16777
12034
49312
35765
6606
40512
28635
12040
6612
21523
24693
46441
37540
12045
6618
40510
46444
17463
43773
6623
35771
24699
17469
6629
12057
45262
31024
42881
6635
38935
12062
37358
21540
40516
6641
44470
12068
21545
33405
6646
16811
12074
49556
6652
24716
17486
41834
12080
47292
6658
45997
17492
25114
12085
6663
21557
24722
17498
6669
12091
21563
45337
43995
6675
12097
45857
35788
40522
42893
6681
12102
37369
31047
38885
6686
25123
12108
31053
6692
40529
38952
12114
40528
21580
6698
17521
47669
12120
37375
6703
24744
48246
40669
6709
48665
21585
24750
45266
6715
12131
33766
35797
40535
31357
6721
40534
21597
38956
25652
6726
12142
37381
33772
6732
25658
27916
12148
41886
45860
6738
35801
12154
49492
31076
6743
21617
16885
12160
6749
33778
24773
28714
39133
6755
37392
40539
28378
17566
16897
6761
31082
24779
17572
28271
6766
45943
21625
45435
6772
44571
12182
37398
21631
28389
6778
41729
12188
21637
40544
6783
31092
12194
43699
6789
24796
40552
38975
12200
6795
21643
43701
17595
16925
12205
6801
35828
24802
17601
16931
6806
33801
35825
42918
6812
12217
46853
31104
47678
40558
6818
12222
37409
21660
28412
6823
28743
12228
21665
6829
21674
47388
12234
49228
6835
43706
17623
33476
12240
37415
6841
24824
17629
38986
12245
6846
21677
24830
40564
6852
12251
21683
33818
47969
16971
6858
48234
40562
35843
37863
6863
12262
37421
31127
6869
42922
49409
12268
31133
6875
40569
25240
12274
40568
21700
6881
17658
41744
12280
37426
6886
24853
39385
35852
6892
37432
21705
28446
33835
25243
6898
49126
24859
17675
39004
6903
40574
21717
40717
6909
21131
12302
37438
43817
6915
25761
17017
12308
35868
45875
6921
28354
12314
49552
31156
6926
21737
31155
12320
6932
33846
46464
38074
37377
12325
6938
35874
24882
17703
44506
6943
31162
48238
17709
6949
12337
49854
21745
41926
6955
17045
12342
37449
21751
44512
6961
17051
12348
21757
35877
6966
17057
12354
49618
6972
37892
17726
39406
12360
37455
6978
24904
17732
39194
12365
6983
40590
24910
17738
6989
12371
35891
42948
28834
6995
12377
45302
31184
39191
40598
7001
12382
37461
21780
40596
7006
39032
12388
21785
7012
21794
17091
12394
46471
21791
7018
17761
40404
12400
37466
7023
24933
42951
37843
7029
37472
21797
46870
40604
7035
12411
21803
24939
25331
40745
7041
45891
35908
40602
39425
7046
12422
37478
31207
7052
40754
35903
12428
31213
35905
7058
39044
12434
40608
21820
7063
34145
48692
12440
7069
33898
43741
40751
39217
7075
37484
21825
24962
17806
21245
7081
33903
35917
17812
25360
7086
40614
21837
33577
7092
37677
12462
37489
33909
28549
7098
31229
12468
48243
39435
7103
25363
12474
49219
7109
28555
21857
17165
12480
7115
35931
24984
17835
41917
12485
7121
40619
24990
17841
17177
7126
31242
33921
46482
7132
12497
45978
21865
41961
21874
7138
12502
37501
21871
28572
7143
25394
12508
7
7149
25892
28127
13
45320
7155
25007
17863
39066
19
37506
7161
25013
24
17205
12525
30
35948
28583
21897
36
12531
33938
25019
44065
17217
42
49221
31264
33611
47
7183
12542
53
21900
7189
39468
48463
12548
59
7195
21914
41809
64
48460
21911
70
17898
25420
12560
76
7206
33949
42980
49609
7212
82
21917
25042
40644
87
7218
21923
93
17915
17251
7223
48830
40642
99
7229
33877
12582
104
31287
7235
110
42835
12588
31293
116
7241
39637
12594
40648
21940
122
28960
45226
12600
127
33966
25064
133
33636
12605
7258
21945
25070
139
37731
7263
46866
144
17949
7269
150
40654
21957
44552
156
21377
12622
37541
41989
35980
162
17297
12628
35988
167
7286
40603
173
45995
7292
25087
17966
31315
179
37546
7298
25093
184
41824
12645
190
35994
49246
17978
196
12651
31322
25099
42995
7315
202
49422
21985
47377
207
7321
12662
213
21991
48280
7326
17331
12668
219
7332
25995
17337
224
43779
36005
230
18001
41838
12680
236
7343
43781
40813
37751
7349
242
40670
25122
22017
247
12691
34006
253
46068
28236
7361
45342
31344
259
40678
7366
12702
264
22020
7372
270
39124
12708
22025
276
7378
17371
12714
46500
22031
282
31356
21451
12720
287
34018
25144
293
43120
7395
40683
22037
25150
299
43882
7401
22043
304
18052
41849
310
48644
36028
40682
316
25540
12742
37581
31367
28709
322
36023
12748
31373
327
7423
45343
333
40688
7429
25167
44764
28603
339
7435
40687
25173
344
45926
12765
350
22065
28721
18081
356
7446
34041
25179
40695
7452
362
40694
22077
40692
367
7458
12782
373
36045
28732
7463
28287
12788
379
7469
39537
36041
384
49749
7475
390
18103
17445
12800
396
7481
34052
18109
31007
12805
402
40699
25202
29080
407
12811
31402
413
43024
21525
7498
47676
22105
419
22114
7503
12822
424
22111
7509
430
36274
12828
22117
436
43991
28316
12834
45360
34069
442
18138
41871
12840
447
7526
25224
453
17485
7532
48006
36068
25230
459
17491
7538
39554
464
18155
17497
470
46904
31424
45425
476
41878
12862
37621
22140
7555
482
31717
12868
22145
487
7561
25634
493
46954
22151
7566
31436
25631
499
7572
34086
25253
504
39175
12885
510
22157
45363
18183
516
7583
22163
25259
18189
7589
522
46517
40722
36083
527
49670
12902
533
31447
33771
7601
35796
12908
539
45362
7606
49004
544
40728
7612
550
18206
37825
12920
556
7618
43821
18212
25660
12925
562
22185
25282
18218
567
12931
40871
573
40735
7635
12937
40734
22197
579
44784
7641
12942
584
34115
36100
590
17577
12948
36108
596
43053
39357
12954
46029
31476
602
18241
31475
12960
607
7663
25304
613
40875
7669
43830
36114
25310
619
7675
12971
31482
624
48230
37851
630
49497
22225
42063
636
7686
12982
37661
22231
7692
642
17611
12988
22237
647
7698
17617
653
48842
36125
7703
40752
25714
659
7709
22243
25333
664
40556
7715
670
40750
28858
18286
676
7721
34143
25339
18292
45958
682
45382
31504
46460
687
39215
13022
693
22260
28869
7738
45378
13028
699
40755
7743
17651
704
47687
7749
710
31516
21697
13040
716
48482
34155
18315
41918
13045
722
22277
25362
18321
727
7766
22283
733
45453
7772
13057
46963
36148
739
49858
7778
13062
744
31527
28892
750
36143
13068
31533
756
40769
39232
13074
40768
7795
762
18343
45961
13080
767
7801
25384
773
21731
13085
7806
22305
25390
779
7812
13091
34178
784
40775
44806
790
40774
22317
33857
796
7823
13102
37701
36165
7829
802
28476
13108
49245
807
38138
36161
813
48848
31556
7841
18378
17725
819
37706
7846
25413
824
39411
7852
830
40779
28926
48703
836
7858
31562
25419
18395
25297
842
46046
22345
42098
847
37900
13142
853
22351
7875
22360
45468
13148
859
40784
7881
31572
864
43859
45967
870
40792
39255
13160
876
22363
43861
42946
17765
13165
882
36188
25442
18423
887
7903
41115
893
18429
7909
13177
46933
31584
899
7915
25834
13182
904
22380
36191
910
25840
13188
22385
916
7926
45471
13194
47647
7932
922
18446
36195
13200
927
7938
25464
933
39266
13205
7943
22397
25470
939
7949
13211
22403
944
25857
7955
950
46545
40802
36203
956
7961
13222
37741
31607
44823
962
40615
13228
31613
967
40809
37933
973
40808
22420
7978
18481
35925
979
37746
7983
25493
984
25871
7989
990
22425
43971
46558
996
13251
34246
25499
40815
39284
1002
40814
22437
44644
1007
8006
13262
1013
34252
8012
26378
17857
13268
1019
35937
8018
28900
1024
48855
31636
1030
22457
31635
13280
1036
34258
48244
43118
37945
8035
1042
36234
25522
18526
1047
8041
31642
1053
18532
41967
8046
48854
22465
1059
8052
17885
13302
1064
22471
29029
1070
17891
13308
22477
1076
8063
17897
13314
48852
8069
1082
40832
29355
13320
1087
22483
25544
1093
47740
13325
8081
40830
25550
1099
39681
8086
34281
1104
44200
8092
1110
45422
31664
37963
1116
8098
13342
37781
22500
29052
1122
39312
13348
22505
1127
22514
17931
1133
48035
8115
25567
18583
25445
1139
37786
8121
25573
1144
25954
13365
1150
22517
29063
40844
1156
13371
22523
25579
31963
29389
1162
47327
36268
40842
1167
8143
13382
1173
31687
8149
43237
25963
13388
1179
8155
40849
39324
1184
40848
22540
1190
18618
21971
13400
1196
8166
43901
46995
21977
8172
1202
22545
25602
34315
1207
8178
44857
1213
18635
31985
8183
40854
22557
1219
8189
42996
13422
1224
36285
8195
1230
31709
13428
42161
1236
8201
36281
13434
49973
31716
1242
22577
18005
13440
1247
34326
25624
1253
40672
13445
8218
40859
25630
1259
18017
8223
31722
1264
18669
8229
1270
46081
22585
42166
1276
36011
13462
37821
22591
34017
1282
42009
13468
22597
1287
8246
28687
1293
45440
8252
25647
18686
39346
1299
37826
8258
25653
1304
18045
13485
1310
36308
44868
18698
1316
13491
46145
25659
43158
8275
1322
48685
31744
46009
1327
8281
13502
1333
22620
36311
8286
29463
13508
1339
8292
22634
44013
1344
49634
22631
1350
18721
34036
13520
1356
8303
46580
46092
42020
8309
1362
22637
25682
40884
1367
13531
22643
1373
34606
18091
8321
48859
40882
1379
44225
8326
13542
1384
31767
8332
1390
22085
13548
31773
1396
8338
26080
13554
40888
22660
1402
43274
38037
13560
1407
34378
25704
1413
36332
8355
45451
22665
25710
1419
26083
8361
34383
1424
18772
45446
1430
40894
22677
44875
1436
48305
13582
37861
34389
29189
1442
18137
13588
36348
1447
8383
40706
1453
48717
8389
25727
22697
31795
1459
8395
49045
25733
1464
42035
13605
1470
36354
29201
18801
1476
8406
31802
25739
42315
8412
1482
49577
22705
42201
1487
8418
13622
1493
22711
29212
8423
18171
13628
1499
8429
26612
18177
1504
43939
8435
1510
18823
47441
13640
1516
8441
43941
18829
49335
13645
1522
40910
25762
22737
1527
13651
34418
1533
29554
28796
8458
45462
31824
1539
40918
8463
13662
1544
22740
8469
1550
39404
13668
22745
1556
22754
18211
13674
46591
22751
1562
18858
45526
13680
1567
8486
25784
1573
49352
8492
40923
22757
25790
1579
29566
8498
22763
1584
18875
39783
1590
49009
36388
40922
1596
34116
13702
37901
31847
8515
1602
36383
13708
31853
1607
8521
44710
1613
40928
22780
8526
42348
22217
1619
8532
34446
25813
1624
42912
13725
1630
22785
36400
18903
1636
8543
44166
25819
18909
8549
1642
40934
22797
34137
1647
42064
13742
1653
36405
42229
8561
28847
13748
1659
46038
8566
26203
1664
49440
8572
1670
18926
18285
13760
1676
8578
41080
18932
22251
13765
1682
40939
25842
18938
1687
13771
31882
1693
44908
8595
13777
48872
22825
1699
22834
8601
13782
1704
22831
39436
1710
26234
13788
22837
1716
26715
28876
13794
45480
48266
1722
18961
45475
13800
1727
8623
25864
1733
18325
8629
46603
36428
25870
1739
8635
13811
34486
1744
41087
18337
1750
46984
31904
34171
1756
8646
13822
37941
22860
8652
1762
48889
13828
22865
1767
8658
42089
1773
46045
22871
8663
31916
26260
1779
8669
34498
25893
1784
39455
8675
1790
22877
29338
19006
1796
8681
22883
25899
19012
18371
1802
48308
40962
36443
1807
43083
13862
1813
31927
29349
8698
31840
13868
1819
43228
8703
32217
1824
40968
8709
1830
29680
37897
13880
1836
36457
43981
19035
34196
13885
1842
22905
25922
19041
1847
8726
34521
1853
40975
8732
13897
40974
22917
1859
39997
8738
13902
1864
48549
29372
1870
18417
13908
36468
1876
47098
22365
13914
46132
8755
1882
19063
31955
13920
1887
8761
25944
1893
38157
13925
8766
36474
25950
1899
8772
13931
31962
1904
38165
26323
1910
49624
22945
44923
1916
8783
13942
37981
22951
8789
1922
18451
13948
22957
1927
49682
18457
1933
49841
34549
8801
19098
42118
1939
37986
8806
25973
1944
42116
8812
1950
40990
29406
22977
1956
8818
36491
25979
19115
44746
1962
45502
31984
43241
1967
39495
13982
1973
22980
8835
36493
42123
13988
1979
34245
8841
18491
1984
46620
22991
1990
31996
32269
14000
1996
34566
39874
48525
44093
14005
2002
22997
26002
19143
2007
8863
23003
2013
19149
8869
14017
47463
36508
2019
8875
26380
14022
2024
32007
44831
2030
36503
14028
32013
2036
8886
39512
14034
41008
8892
2042
19166
49515
14040
2047
8898
26024
2053
34505
14045
8903
23025
26030
2059
8909
14051
39883
2064
41015
8915
2070
41014
23037
39516
2076
8921
14062
38021
34595
46149
2082
29036
14068
42298
2087
38446
36521
2093
49875
32036
8938
19201
18565
2099
38026
8943
26053
2104
22497
8949
2110
41019
49363
29800
2116
14091
32042
26059
43264
37971
2122
47756
23065
42303
2127
8966
14102
2133
23071
8972
23080
34537
14108
2139
41024
8978
32052
2144
44019
42309
2150
41032
39535
14120
2156
23083
44021
26451
18605
8995
2162
36548
26082
19246
2167
9001
34623
2173
19252
18617
9006
47013
32064
2179
9012
42158
14142
2184
23100
29509
2190
32345
14148
23105
2196
9023
26474
14154
48695
9029
2202
32076
26471
14160
2207
49529
26104
2213
39546
14165
9041
23117
26110
2219
39552
9046
23123
2224
42164
9052
2230
46637
41042
36563
2236
9058
14182
38061
32087
29532
2242
43243
14188
32093
2247
41049
44122
2253
41048
9075
26127
19303
46082
2259
38066
9081
26133
2264
26500
14205
2270
23145
29543
45681
2276
14211
34658
26139
41055
39564
2282
41054
23157
47481
2287
9103
14222
2293
42332
9109
48588
18697
14228
2299
9115
43293
44009
2304
47800
32116
2310
19338
32115
14240
2316
9126
34669
32749
48034
9132
2322
36594
26162
48118
2327
9138
32122
2333
19355
42452
9143
49794
23185
2339
9149
18725
14262
2344
23191
9155
2350
18731
14268
23197
2356
9161
18737
14274
48323
36605
2362
41072
26554
14280
2367
23203
26184
2373
45444
14285
9178
41070
26190
2379
44343
9183
36611
2384
19389
9189
2390
45542
32144
45514
2396
39586
14302
38101
23220
41076
2402
39592
14308
23225
2407
9206
18771
2413
47767
9212
26207
19406
39754
2419
38106
9218
26213
2424
42198
14325
2430
23237
47030
19418
2436
14331
23243
26219
46704
9235
2442
48880
36628
41082
2447
9241
14342
2453
32167
49798
9246
36623
14348
2459
9252
41089
39604
2464
41088
23260
2470
19441
32446
14360
2476
9263
44061
43315
41223
9269
2482
23265
26242
45546
2487
14371
34726
2493
41095
39771
9281
41094
23277
2499
27092
9286
14382
2504
34732
9292
2510
32189
14388
42366
2516
9298
36641
14394
48888
32196
2522
23297
18845
14400
2527
34738
26264
2533
44036
9315
44070
41099
26270
2539
18857
9321
32202
2544
19492
43184
2550
46183
23305
43331
2556
44165
14422
38141
23311
29669
2562
47084
14428
23317
2567
9343
29247
2573
45560
9349
26287
41112
39626
2579
9355
23323
26293
2584
18885
14445
2590
36668
29681
19521
2596
9366
34761
26299
32852
9372
2602
49261
32224
34451
2607
9378
14462
2613
23340
29692
9383
26680
14468
2619
9389
23354
43437
2624
48332
9395
2630
19543
36675
14480
2636
9401
34772
19549
42231
14485
2642
23357
26322
41124
2647
14491
23363
2653
26697
18931
9418
46665
41122
2659
38583
9423
14502
2664
32247
9429
2670
41258
14508
32253
2676
41129
41268
14514
41128
23380
2682
19578
42349
14520
2687
9446
26344
2693
26711
9452
45571
23385
26350
2699
45006
9458
49365
2704
19595
42243
2710
41134
23397
44832
2716
40952
14542
38181
46676
9475
2722
18977
14548
36708
2727
9481
42084
2733
48895
32276
9486
23417
32275
2739
9492
34806
26373
2744
44188
14565
2750
36714
49449
19623
2756
9503
32282
26379
19629
9509
2762
48894
23425
42406
2767
19005
14582
2773
23431
46607
9521
19011
14588
2779
36717
9526
19017
2784
44099
9532
2790
19646
30075
14600
2796
9538
44101
19652
38380
14605
2802
41150
26402
19658
2807
14611
36731
2813
41463
9555
14617
45582
32304
2819
41158
9561
14622
2824
23460
41156
2830
39684
14628
23465
2836
23474
19051
14634
49052
23471
2842
19681
29683
14640
2847
9583
26424
2853
26794
9589
41163
23477
26430
2859
9595
14651
23483
2864
47140
30109
2870
46137
36748
41162
2876
9606
14662
38221
32327
9612
2882
26803
14668
32333
2887
9618
45583
2893
41168
23500
9623
32961
29714
2899
9629
34858
26453
2904
31967
9635
2910
23505
29818
19726
2916
9641
34863
26459
19732
38413
2922
41174
23517
41172
2927
36485
14702
2933
34869
29829
9658
29407
14708
2939
44855
9663
36761
2944
49958
9669
2950
23537
19125
14720
2956
36771
34875
19755
41137
14725
2962
41179
26482
19761
2967
9686
32362
2973
40077
9692
14737
46218
23545
2979
23554
9698
14742
2984
23551
29852
2990
42289
14748
23557
2996
27332
29436
14754
45600
9715
3002
19783
45595
14760
3007
9721
26504
3013
19165
14765
9726
36788
26510
3019
9732
14771
34898
3024
43398
19177
3030
47064
32384
42411
3036
9743
14782
38261
23580
9749
3042
30183
14788
23585
3047
23594
41337
3053
49156
23591
9761
19818
34596
3059
38266
9766
26533
3064
39735
9772
3070
23597
29886
41204
3076
9778
23603
26539
19835
19211
3082
48354
41202
36803
3087
46564
14822
3093
32407
9795
43402
38217
14828
3099
45602
9801
26920
3104
41208
23620
3110
48606
42304
14840
3116
34926
44141
40105
36812
14845
3122
23625
26562
19863
3127
9823
45671
3133
19869
9829
14857
41214
23637
3139
9835
23091
14862
3144
42469
36820
3150
19257
14868
36828
3156
9846
43278
14874
46235
9852
3162
19886
32435
14880
3167
9858
26584
3173
39911
14885
9863
36834
26590
3179
9869
14891
32442
3184
48355
9875
3190
49980
23665
49285
3196
9881
14902
38301
23671
44884
3202
19291
14908
23677
3207
27435
19297
3213
49058
36845
9898
19921
40126
3219
38306
9903
26613
3224
36571
9909
3230
41230
38721
23697
3236
14931
34966
26619
30274
45063
3242
45622
32464
38251
3247
9926
14942
3253
23700
9932
30277
45618
14948
3259
41235
9938
19331
3264
46711
23711
3270
32476
46166
14960
3276
34978
46718
43431
47842
9955
3282
23717
26642
19966
3287
9961
23723
3293
19972
44253
9966
46171
36868
3299
9972
34676
14982
3304
32487
29989
3310
36863
14988
32493
3316
9983
39792
14994
41248
9989
3322
35225
32127
15000
3327
41247
26664
3333
47489
15005
10001
23745
26670
3339
23205
10006
35001
3344
41255
10012
3350
41254
23757
34697
3356
10018
15022
38341
36885
30012
3362
29596
15028
42503
3367
46724
27043
3373
49881
10035
26687
20023
19405
3379
38346
10041
26693
3384
46238
15045
3390
41259
30023
45082
3396
15051
32522
26699
46722
43311
3402
48912
23785
43451
3407
10063
15062
3413
23791
10069
23800
27074
15068
3419
10075
42625
32532
3424
44179
35029
3430
20058
39815
15080
3436
10086
44181
32803
19445
10092
3442
36908
26722
23817
3447
10098
46729
3453
20075
19457
10103
47093
32544
3459
10109
45708
15102
3464
23820
10115
3470
46705
15108
23825
3476
10121
42369
15114
48331
23831
3482
32556
27100
15120
3487
35046
26744
3493
39826
15125
10138
23837
26750
3499
39832
10143
23843
3504
20109
10149
3510
48910
41282
36923
3516
46241
15142
38381
32567
40189
3522
39985
15148
32573
3527
10166
44284
3533
41288
10172
26767
20126
39994
3539
38386
10178
26773
3544
34756
15165
3550
23865
49183
20138
3556
15171
43327
26779
41295
10195
3562
41294
23877
44924
3567
10201
15182
3573
35075
36940
10206
19537
15188
3579
10212
45108
45005
3584
46269
32596
3590
20161
32595
15200
3596
10223
46243
43478
42384
10229
3602
36954
26802
35317
3607
15211
32602
3613
43475
27163
10241
49462
23905
3619
23914
10246
15222
3624
23911
10252
3630
19571
15228
23917
3636
10258
19577
15234
49575
36965
3642
41312
42398
15240
3647
23923
26824
3653
38591
10275
48735
41310
26830
3659
27194
10281
35103
3664
20212
29727
3670
45662
32624
43481
3676
39866
15262
38421
23940
30149
3682
39872
15268
23945
3687
10303
19611
3693
46740
10309
26847
32636
23411
3699
10315
38605
26853
3704
41457
15285
3710
23957
30161
20241
3716
10326
23963
26859
49766
10332
3722
49458
36988
41322
3727
10338
15302
3733
32647
30172
10343
36983
15308
3739
10349
41329
39884
3744
41328
10355
3750
20263
42523
15320
3756
10361
44221
20269
41152
15325
3762
23985
26882
45666
3767
15331
35138
3773
41335
32937
10378
41334
23997
3779
27709
10383
15342
3784
37005
10389
3790
32669
15348
45818
3796
38858
37001
15354
49591
32676
3802
20298
19685
15360
3807
10406
26904
3813
32316
10412
44230
41339
26910
3819
19697
10418
32682
3824
20315
23485
3830
46286
24025
42578
3836
45651
15382
38461
24031
10435
3842
45740
15388
24037
3847
10441
29807
3853
45680
46756
10446
41352
39906
3859
10452
24043
26933
3864
19725
15405
3870
37028
40265
20343
3876
10463
40274
26939
20349
10469
3882
49598
32704
47258
3887
42438
15422
3893
24060
37031
10481
38653
15428
3899
42436
10486
27314
3904
49197
10492
3910
20366
27311
15440
3916
10498
48149
20372
48580
15445
3922
24077
26962
20378
3927
15451
24083
3933
42444
10515
15457
46757
41362
3939
46764
10521
15462
3944
32727
34891
3950
40085
15468
32733
3956
41369
47523
15474
41368
24100
3962
20401
38665
15480
3967
10543
26984
3973
27340
10549
45691
24105
26990
3979
10555
15491
35206
3984
41375
45686
3990
41374
24117
38680
3996
10566
15502
38501
35212
10572
4002
19817
15508
37068
4007
10578
38445
4013
47171
32756
10583
24137
32755
4019
10589
35218
27013
4024
46700
10595
4030
37074
30298
20446
4036
10601
32762
27019
20452
38691
4042
49531
24145
49590
4047
19845
15542
4053
24151
30309
10618
19851
15548
4059
37077
10623
19857
4064
44259
10629
4070
41392
27394
15560
4076
24163
44261
20475
36817
15565
4082
41390
27042
20481
4087
10646
35241
4093
30634
10652
15577
45702
32784
4099
41398
10658
15582
4104
24180
30332
4110
39964
15588
24185
4116
24194
19891
15594
47847
10675
4122
20503
23657
15600
4127
10681
27064
4133
42478
15605
10686
24197
27070
4139
10692
15611
24203
4144
33074
27434
4150
48383
37108
41402
4156
10703
15622
38541
32807
10709
4162
37103
15628
32813
4167
41409
42483
4173
41408
24220
10721
20538
41232
4179
38546
10726
27093
4184
23691
10732
4190
24225
30366
35275
4196
10738
45171
27099
20555
44362
4202
41414
24237
34977
4207
46242
15662
4213
37125
10755
27921
29967
15668
4219
45166
10761
37121
4224
48928
32836
4230
24257
19965
15680
4236
35286
38737
42757
30283
15685
4242
41419
27122
20583
4247
10783
32842
4253
20589
10789
15697
46321
24265
4259
10795
38740
15702
4264
24271
39996
4270
41557
15708
24277
4276
10806
29996
15714
45720
10812
4282
20606
42500
15720
4287
10818
27144
4293
20005
15725
10823
37148
27150
4299
10829
15731
41732
4304
33469
10835
4310
47144
32864
35011
4316
10841
15742
38581
24300
37151
4322
27520
15748
24305
4327
24314
37354
4333
48771
24311
10858
20641
37155
4339
38586
10863
27173
4344
40015
10869
4350
24317
45723
41444
4356
15771
24323
27179
27537
20051
4362
46785
41442
37163
4367
10886
15782
4373
32887
10892
44498
41266
15788
4379
43588
10898
33157
4384
41448
24340
4390
30760
42515
15800
4396
35338
44301
43584
27551
10915
4402
24345
27202
20686
4407
10921
35343
4413
20692
40032
10926
41454
24357
4419
10932
33166
15822
4424
35349
30469
4430
20097
15828
37188
4436
10943
36916
15834
48935
10949
4442
24377
32915
15840
4447
40394
27224
4453
38785
15845
10961
37194
27230
4459
30076
10966
32922
4464
41591
10972
4470
48934
24385
42681
4476
10978
15862
38621
24391
30492
4482
20131
15868
24397
4487
28052
20137
4493
48137
10995
27247
20743
30795
4499
38626
11001
27253
4504
44405
15885
4510
41470
30503
24417
4516
15891
35378
27259
47604
45026
4522
45742
32944
38803
4527
11023
15902
4533
24420
11029
37213
45030
15908
4539
11035
24434
20171
4544
48172
24431
4550
20778
42386
15920
4556
11046
35389
46349
27634
11052
4562
24437
27282
41484
4567
11058
24443
4573
20795
30829
11063
47516
37228
4579
11069
43612
15942
4584
32967
11075
4590
27643
15948
32973
4596
11081
40072
15954
41488
24460
4602
33578
23931
15960
4607
35406
27304
4613
23937
15965
11098
24465
27310
4619
42665
11103
44526
4624
20829
11109
4630
41494
24477
40076
4636
41443
15982
38661
37245
42709
4642
30156
15988
48203
4647
11126
37241
4653
49968
11132
27327
20846
20245
4659
38666
11138
27333
4664
41324
16005
4670
41499
48403
20858
4676
16011
33002
27339
40437
11155
4682
46817
24505
48409
4687
11161
16022
4693
24511
35137
11166
42569
16028
4699
11172
28155
33012
4704
44339
45220
4710
20881
40095
16040
4716
11183
44341
40594
20285
11189
4722
37268
27362
24537
4727
16051
35446
4733
43638
20297
11201
47173
33024
4739
41518
11206
16062
4744
24540
11212
4750
30903
16068
24545
4756
11218
45828
16074
48927
24551
4762
33036
35156
16080
4767
35458
27384
4773
40106
11235
41523
24557
27390
4779
40112
11241
24563
4784
20932
20331
4790
48939
41522
37283
4796
30523
16102
38701
33047
30629
4802
24045
16108
33053
4807
11263
27760
4813
41528
11269
27407
48651
38877
4819
11275
37297
27413
4824
37292
16125
4830
24585
30641
20961
4836
11286
35481
27419
41535
11292
4842
41534
24597
45305
4847
11298
16142
4853
48152
30652
11303
20377
16148
4859
11309
40477
46765
4864
46372
11315
4870
20983
33075
16160
4876
11321
35492
20989
37045
16165
4882
37314
27442
33681
4887
16171
33082
4893
41674
40285
11338
49543
24625
4899
24634
11343
16182
4904
24631
11349
4910
20411
16188
24637
4916
49000
20417
16194
49211
35509
4922
21018
41677
16200
4927
11366
27464
4933
41500
11372
49076
41550
27470
4939
42609
11378
37331
4944
21035
30287
4950
45782
33104
45045
4956
40146
16222
38741
24660
11395
4962
40152
16228
24665
4967
11401
20451
4973
46831
24671
11406
33116
35457
4979
11412
35526
27493
4984
48444
16245
4990
24677
47190
21063
4996
11423
24683
27499
21069
11429
5002
47234
37348
41562
5007
35236
16262
5013
33127
38923
11441
37343
16268
5019
37345
11446
40164
5024
41568
11452
5030
21086
24177
16280
5036
11458
44381
21092
27405
16285
5042
24705
27522
21098
5047
16291
44578
5053
41575
11475
16297
41574
24717
5059
45260
11481
16302
5064
35555
43685
5070
33149
16308
42778
5076
39166
27883
16314
49299
33156
5082
21121
20525
16320
5087
11503
27544
5093
24211
11509
44390
41579
27550
5099
11515
16331
33162
5104
45268
43558
5110
48952
24745
42783
5116
11526
16342
38781
24751
11532
5122
27914
16348
24757
5127
11538
30367
5133
45800
42789
11543
41592
40186
5139
11549
24763
27573
5144
20565
11555
5150
37388
30778
21166
5156
11561
35583
27579
21172
20577
5162
49301
33184
35291
5167
40538
16382
5173
24780
30789
11578
41723
16388
5179
37131
11583
42649
5184
46325
11589
5190
33196
27940
16400
5196
46847
35595
21195
48185
16405
5202
24797
27602
21201
5207
11606
24803
5213
47933
11612
16417
48428
41602
5219
39201
11618
16422
5224
33207
30812
5230
45075
16428
33213
5236
41609
40555
16434
41608
11635
5242
21223
46784
16440
5247
11641
27624
5253
35316
16445
11646
24825
27630
5259
11652
16451
35618
5264
41615
45110
5270
41614
24837
45112
5276
11663
16462
38821
42812
11669
5282
20657
16468
37428
5287
47303
24325
5293
47972
33236
11681
21258
33235
5299
38826
11686
27653
5304
38997
11692
5310
37434
30846
40573
5316
11698
33242
27659
21275
28003
5322
49653
24865
42818
5327
20685
16502
5333
24871
11715
24880
20691
16508
5339
37437
11721
20697
5344
44419
37445
5350
41632
42678
16520
5356
24883
44421
33520
42676
16525
5362
41630
27682
21303
5367
11743
37451
5373
21309
11749
16537
45822
33264
5379
11755
47909
16542
5384
24900
41636
5390
40244
16548
24905
5396
11766
20731
16554
46860
11772
5402
21326
30794
16560
5407
11778
27704
5413
47646
16565
11783
24917
27710
5419
11789
16571
24923
5424
47605
11795
5430
49481
37468
41642
5436
11801
16582
38861
33287
37205
5442
37463
16588
33293
5447
41649
45823
5453
41648
24940
11818
21361
30411
5459
38866
11823
27733
5464
42803
11829
5470
24945
37480
45826
5476
16611
35686
27739
41655
44524
5482
41654
24957
41652
5487
11846
16622
5493
35692
11852
28538
30527
16628
5499
45135
11858
37481
5504
49843
33316
5510
24977
20805
16640
5516
35698
39051
31234
24457
11875
5522
41659
27762
21406
5527
11881
33322
5533
21412
40420
11886
46423
24985
5539
11892
41487
16662
5544
24991
30949
5550
48653
16668
24997
5556
11903
30556
16674
45840
11909
5562
41672
42711
16680
5567
25003
27784
5573
20845
16685
11921
37508
27790
5579
20851
11926
35721
5584
43758
11932
5590
47224
33344
39074
5596
11938
16702
38901
25020
30972
5602
47361
16708
25025
5607
25034
28154
5613
48786
11955
27807
21463
28151
5619
38906
11961
27813
5624
40295
16725
5630
25037
30983
41684
5636
16731
25043
27819
42724
20891
5642
46877
41682
37523
5647
11983
16742
5653
33367
11989
40643
42829
16748
5659
11995
41689
45321
5664
41688
25060
5670
21498
44548
16760
5676
12006
44461
46882
28180
12012
5682
25065
27842
35755
5687
12018
40457
5693
21515
40312
12023
41694
25077
5699
12029
42691
16782
5704
45914
12035
5710
20937
16788
37548
5716
12041
37477
16794
49546
33396
5722
25097
33395
16800
5727
35766
27864
5733
48146
16805
12058
37554
27870
5739
30636
12063
33402
5744
21549
12069
5750
49870
25105
42886
5756
20965
16822
38941
25111
45164
5762
20971
16828
25117
5767
12086
20977
5773
48443
12092
27887
21566
28234
5779
38946
12098
27893
5784
40480
16845
5790
41710
39338
21578
5796
16851
37571
27899
31354
12115
5802
45862
33424
45237
5807
12121
16862
5813
25140
41716
12126
45858
16868
5819
12132
25154
21011
5824
47927
25151
5830
21601
33087
16880
5836
12143
45403
43791
42758
12149
5842
25157
27922
41724
5847
16891
25163
5853
44569
28274
12161
49602
37588
5859
45348
12166
16902
5864
33447
12172
5870
37583
16908
33453
5876
12178
40352
16914
41728
25180
5882
36037
31000
16920
5887
35818
27944
5893
33709
12195
48969
25185
27950
5899
44572
12201
35823
5904
21652
42880
5910
41734
25197
35537
5916
39145
16942
38981
35829
31109
5922
30716
16948
49809
5927
12223
37601
5933
48968
12229
27967
25217
21085
5939
12235
37611
27973
5944
33394
16965
5950
41739
31121
21681
5956
12246
33482
27979
40705
12252
5962
46458
25225
42921
5967
12258
16982
5973
25231
31132
12263
45355
16988
5979
12269
28772
33492
5984
44499
12275
5990
21703
40375
17000
5996
12281
44501
21709
21125
17005
6002
37628
28002
25257
6007
17011
35858
6013
48012
21137
12298
47253
33504
6019
41758
12303
17022
6024
25260
12309
6030
28360
17028
25265
6036
25274
40527
17034
48196
25271
6042
21738
37635
17040
6047
12326
28024
6053
40386
12332
41763
25277
28030
6059
40392
12338
25283
6064
21755
21171
6070
46905
41762
37643
6076
24777
17062
39021
33527
12355
6082
46832
17068
33533
6087
12361
33785
6093
41768
25300
12366
31480
40540
6099
12372
35886
28053
6104
28391
17085
6110
25305
47681
21783
6116
12383
47300
28059
21789
12389
6122
41774
25317
45204
6127
41604
17102
6133
42949
37660
12401
21217
17108
6139
45804
12406
41737
6144
46475
12412
6150
21806
33555
17120
6156
12418
44605
21812
46402
17125
6162
37674
28082
21818
6167
17131
33562
6173
47674
12435
17137
48974
25345
6179
25354
12441
17142
6184
25351
47686
6190
21251
17148
25357
6196
28875
21257
17154
49404
37685
6202
21841
31515
17160
6207
12463
28104
6213
39220
12469
46857
41790
28110
6219
12475
17171
35926
6224
42081
30847
6230
45902
33584
43841
6236
12486
17182
39061
25380
12492
6242
40432
17188
25385
6247
12498
21291
6253
49420
25391
12503
33596
45876
6259
12509
35938
28133
6264
28474
12515
6270
25397
31258
21886
6276
12521
25403
28139
21892
31549
6282
46417
37708
41802
6287
39245
17222
6293
33607
31269
12538
28483
17228
6299
37705
12543
40444
6304
41808
12549
6310
36177
43729
17240
6316
41807
44541
21915
33276
17245
6322
25425
28162
21921
6327
12566
35961
6333
41815
12572
17257
41814
25437
6339
45398
12578
17262
6344
37725
31292
6350
33629
17268
42983
6356
48466
37721
17274
49714
12595
6362
21943
21365
17280
6367
12601
28184
6373
33886
17285
12606
41819
28190
6379
12612
17291
33642
6384
40797
37476
6390
46937
25465
46052
6396
12623
17302
39101
25471
12629
6402
42849
17308
25477
6407
39646
30927
6413
45920
35989
12641
21978
40466
6419
39106
12646
28213
6424
21405
12652
6430
37748
31326
25497
6436
12658
46058
28219
21995
21417
6442
49411
33664
47991
6447
45980
17342
6453
25500
12675
31625
31623
17348
6459
43875
12681
47324
6464
49104
25511
6470
33676
35716
17360
6476
36006
46940
48252
42860
17365
6482
25517
28242
22023
6487
12703
25523
6493
22029
12709
17377
48474
41842
6499
12715
47693
17382
6504
33687
35731
6510
40631
17388
33693
6516
12726
28600
17394
41848
12732
6522
22046
42864
17400
6527
12738
28264
6533
37772
17405
12743
25545
28270
6539
12749
17411
46483
6544
41855
12755
6550
41854
25557
44653
6556
12761
17422
39141
36035
37780
6562
21497
17428
37788
6567
40837
41978
6573
46509
33716
12778
22081
33715
6579
39146
12783
28293
6584
39091
12789
6590
37794
47971
34298
6596
17451
33722
28299
48475
45418
6602
49942
25585
43023
6607
12806
17462
6613
25591
12812
25600
21531
17468
6619
37797
12818
21537
6624
44579
37805
6630
41872
40846
17480
6636
25603
44581
28657
46889
12835
6642
41870
28322
22126
6647
12841
36063
6653
22132
31036
12846
45942
33744
6659
12852
46891
17502
6664
25620
31429
6670
40524
17508
25625
6676
12863
21571
17514
46951
12869
6682
33756
41712
17520
6687
48500
28344
6693
47670
17525
12881
25637
28350
6699
31726
12886
25643
6704
28691
12892
6710
46451
37828
41882
6716
12898
17542
39181
33767
31452
6722
37823
17548
33773
6727
41889
45270
6733
41888
12915
28367
22183
33436
6739
39186
12921
28373
6744
31363
17565
6750
25665
31463
45946
6756
17571
36098
28379
41895
28720
6762
41894
25677
35817
6767
12943
17582
6773
37845
12949
43924
31087
17588
6779
12955
39578
28723
6784
49805
33796
6790
22218
21645
17600
6796
12966
36109
42183
31394
12972
6802
41899
28402
43163
6807
12978
33802
6813
22235
41735
12983
46526
25705
6819
12989
42916
17622
6824
25711
12995
6830
28754
17628
25717
6836
13001
31116
17634
45960
44691
6842
41912
45955
17640
6847
25723
28424
6853
21685
17645
13018
37868
28430
6859
21691
13023
46969
6864
22269
13029
6870
47304
33824
35851
6876
42037
17662
39221
25740
37871
6882
43807
17668
25745
6887
13046
42929
6893
48671
13052
28447
22286
28780
6899
39226
13058
28453
6904
40575
17685
6910
25757
45963
22298
6916
17691
25763
28459
46466
13075
6922
48990
41922
37883
6927
13081
17702
6933
33847
40909
13086
43035
17708
6939
13092
41929
38080
6944
41928
25780
6950
22321
46911
17720
6956
13103
44621
40917
35876
13109
6962
25785
28482
42212
6967
17731
36166
6973
41935
40592
13121
41934
25797
6979
29252
13126
17742
6984
36172
13132
6990
21777
17748
37908
6996
13138
42796
17754
49145
33876
7002
25817
33875
17760
7007
36178
28504
7013
42944
13155
44630
37914
28510
7019
31196
13161
33882
7024
22372
28843
7030
49502
25825
47406
7036
21805
17782
39261
25831
31589
7042
21811
17788
25837
7047
13183
21817
7053
49241
13189
28527
41952
42958
7059
13195
25843
28533
7064
39431
17805
7070
41950
31601
22401
7076
13206
36201
28539
48058
13212
7082
45982
33904
43961
7087
13218
17822
7093
25860
31612
13223
42963
17828
7099
13229
25874
21851
7104
46980
13235
7110
22423
25371
17840
7116
13241
36212
22429
47364
17845
7122
25877
28562
41964
7127
17851
25883
7133
49226
42969
13258
48832
37948
7139
40957
13263
17862
7144
33927
13269
7150
37943
17868
33933
7156
41969
40632
17874
41968
25900
7162
22458
40777
17880
7167
13286
28584
7173
41804
13292
46994
25905
28590
7179
41931
13298
40963
7184
22475
44074
7190
41974
25917
40636
7196
45385
17902
39301
37965
13315
7202
31276
17908
43121
7207
13321
37961
7213
49620
33956
13326
25937
21925
7219
13332
36246
28613
7224
45906
17925
7230
41979
49138
22503
7236
13343
33962
28619
22509
13349
7242
46561
25945
43126
7247
45912
17942
7253
25951
35977
13361
47780
17948
7259
41984
13366
33972
7264
44659
13372
7270
22526
40655
17960
7276
13378
44661
22532
21965
17965
7282
37988
28642
22538
7287
17971
40994
7293
43998
13395
17977
47333
33984
7299
41998
13401
17982
7304
25980
37991
7310
34237
17988
25985
7316
25994
28994
17994
49017
25991
7322
22561
28991
18000
7327
13423
28664
7333
40666
13429
42003
25997
28670
7339
13435
18011
26003
7344
43004
22011
7350
46997
42002
38003
7356
13446
18022
39341
34007
13452
7362
31631
18028
34013
7367
13458
41965
7373
42008
26020
13463
46143
39505
7379
13469
36298
28693
7384
29020
13475
7390
26025
31738
22606
7396
13481
36303
28699
22612
40684
7402
42014
26037
39520
7407
33940
18062
7413
36309
31749
13498
22057
18068
7419
44757
13503
40825
7424
49327
13509
7430
26057
34035
18080
7436
47009
36315
22635
40834
18085
7442
38034
28722
22641
7447
13526
34042
7453
43887
13532
18097
49938
26065
7459
26074
13538
18102
7464
26071
31772
7470
22091
18108
26077
7476
29492
22097
18114
49002
13555
7482
22663
29074
18120
7487
13561
28744
7493
48478
18125
13566
42030
28750
7499
13572
18131
36338
7504
32074
31407
7510
46022
34064
45935
7516
13583
18142
39381
26100
13589
7522
40712
18148
26105
7527
26114
22131
7533
48007
26111
13601
22698
25617
7539
39386
13606
28773
7544
43038
13612
7550
26117
31806
42044
7556
13618
26123
28779
22715
29114
7562
48503
38068
42042
7567
29111
18182
7573
34087
13635
42163
38063
18188
7579
38065
13641
40724
7584
42048
26140
7590
41053
41884
18200
7596
36366
44701
39565
25651
18205
7602
26145
28802
22743
7607
13663
44886
7613
22749
13669
18217
42054
26157
7619
13675
44788
18222
7624
38085
43189
7630
34109
18228
49780
7636
13686
38081
18234
49008
13692
7642
22766
22205
18240
7647
13698
28824
7653
46086
18245
13703
42059
28830
7659
13709
18251
34122
7664
41065
13715
7670
48081
26185
44051
7676
13721
18262
39421
26191
44794
7682
42185
18268
26197
7687
29595
31487
7693
46040
46527
13738
22801
40746
7699
39426
13743
28853
7704
22245
13749
7710
38108
41077
26217
7716
18291
36406
28859
41389
22257
7722
49341
34144
36131
7727
13766
18302
7733
26220
13772
44903
29200
18308
7739
47722
13778
46100
7744
48992
26231
7750
34156
38115
18320
7756
36418
47031
44060
43071
13795
7762
26237
28882
22846
7767
13801
26243
7773
22852
22291
13806
47025
42082
7779
13812
33836
18342
7784
34167
31909
7790
43940
18348
34173
7796
13823
39613
18354
42088
13829
7802
32200
37885
18360
7807
38137
28904
7813
29231
18365
13841
26265
28910
7819
43180
13846
36441
7824
42095
13852
7830
42094
26277
45392
7836
13858
18382
39461
45551
31932
7842
22337
18388
38148
7847
41105
40925
7853
46612
13875
28927
22903
34195
7859
39466
13881
28933
7864
39625
18405
7870
38154
31943
36665
7876
18411
34202
28939
42220
43087
7882
49014
26305
47458
7887
13903
18422
7893
26311
13909
26320
22371
18428
7899
13915
48732
22377
7904
44739
36469
7910
22938
32235
18440
7916
13926
44741
46550
47737
13932
7922
42110
28962
26337
7927
13938
38171
7933
22955
31596
13943
46062
34224
7939
13949
43100
18462
7944
26340
13955
7950
40804
18468
26345
7956
13961
22411
18474
48309
26351
7962
34236
34151
18480
7967
36486
28984
7973
29314
18485
13978
26357
28990
7979
29320
13983
26363
7984
22989
13989
7990
48029
38188
42122
7996
44092
18502
39501
34247
40954
8002
29323
18508
34253
8007
14006
46063
8013
42128
14012
29007
23006
25891
8019
39506
14018
29013
8024
25897
18525
8030
26385
38200
23018
8036
18531
44938
29019
42135
14035
8042
42134
26397
42132
8047
14041
18542
8053
36515
46629
14046
31647
18548
8059
14052
39886
38201
8064
49951
34276
8070
23041
22485
18560
8076
14063
46131
32314
45990
14069
8082
42139
29042
32320
8087
18571
34282
8093
41157
45969
14081
47057
26425
8099
26434
14086
18582
8104
26431
14092
8110
43129
18588
26437
8116
14098
31676
18594
46080
43269
8122
42152
46075
18600
8127
26443
29064
8133
22525
14115
48531
38228
29070
8139
22531
14121
36543
8144
23092
22537
8150
47384
34304
46569
8156
47746
18622
39541
26460
32069
8162
32343
18628
26465
8167
14143
42277
8173
47996
14149
29087
34316
36276
8179
14155
48757
29093
8184
40855
18645
8190
26477
32081
23121
8196
14166
26483
29099
36766
14172
8202
49019
42162
38243
8207
14178
18662
8213
34327
32092
14183
26005
18668
8219
14189
42169
29440
8224
42168
14195
8230
23143
39717
18680
8236
14201
44781
23149
38252
18685
8242
26505
29122
41194
8247
18691
36578
8253
42175
40872
14218
42174
26517
8259
29869
14223
18702
8264
43292
14229
8270
22617
18708
38268
8276
41197
42015
18714
49264
34356
8282
23178
34355
18720
8287
14246
29144
8293
43155
14252
44790
38274
29150
8299
31756
14258
34362
8304
23195
47758
8310
49578
26545
43298
8316
22645
18742
39581
26551
14275
8322
22651
18748
26557
8327
14281
22657
8333
49161
38285
14286
42192
42305
8339
14292
26563
29173
8344
47007
18765
8350
42190
41217
23223
8356
14303
38291
29179
23229
14309
8362
46102
34384
38045
8367
40895
18782
8373
26580
42196
14321
46098
18788
8379
42195
14326
22691
8384
47071
14332
8390
23246
32080
18800
8396
14338
47078
23252
48085
18805
8402
26597
29202
23258
8407
18811
26603
8413
29531
14355
18817
49765
38308
8419
41225
14361
18822
8424
34407
39763
8430
38303
18828
34413
8436
42209
40912
18834
42208
26620
8442
23281
26137
18840
8447
14383
29224
8453
44780
14389
47492
26625
29230
8459
14395
18851
36646
8464
42215
29560
8470
42214
26637
36377
8476
14406
18862
39621
36652
14412
8482
31836
18868
43326
8487
14418
29563
8493
49520
34436
14423
26657
22765
8499
14429
36658
29253
8504
26171
14435
8510
42219
32218
23326
8516
14441
34442
29259
23332
45533
8522
46663
26665
44171
8527
39791
18902
8533
26671
32229
14458
29594
18908
8539
42224
14463
34452
8544
44819
14469
8550
42232
40935
18920
8556
26683
44821
23355
22805
18925
8562
38348
29282
23361
8567
14486
36681
8573
35012
14492
18937
47413
34464
8579
42238
14498
18942
8584
26700
32252
8590
48109
18948
26705
8596
26714
43209
18954
46605
14515
8602
23383
29620
18960
8607
14521
29304
8613
40946
18965
14526
26717
29310
8619
14532
18971
26723
8624
49282
22851
8630
48548
42242
38363
8636
14543
18982
39661
34487
14549
8642
29217
18988
34493
8647
42249
34737
8653
42248
26740
14561
23418
39611
8659
39666
14566
29333
8664
36436
14572
8670
26745
32286
36715
8676
14578
49442
29339
23435
40964
8682
42254
26757
45484
8687
47038
19022
8693
47509
14595
30081
22897
19028
8699
47077
14601
26285
8704
49278
34516
8710
26777
34515
19040
8716
36726
48306
44198
39837
19045
8722
38394
29362
23463
8727
14623
34522
8733
23469
14629
19057
49789
26785
8739
14635
22925
19062
8744
26791
45098
8750
22931
19068
26797
8756
14646
22937
19074
49844
14652
8762
23486
43238
19080
8767
14658
29384
8773
43236
19085
14663
42270
29390
8779
14669
19091
38411
8784
43477
14675
8790
46142
34544
44201
8796
14681
19102
39701
26820
42276
8802
40992
19108
26825
8807
26834
22971
8813
47100
26831
14698
23521
44089
8819
39706
14703
29413
8824
42397
14709
8830
26837
47430
42284
8836
19131
26843
29419
43345
43249
8842
48733
38428
42282
8847
14726
19142
8853
34567
14732
43247
38423
19148
8859
38425
14738
41004
8864
42288
26860
8870
35121
36434
19160
8876
36778
44861
46626
47786
14755
8882
26865
29442
23566
8887
14761
36783
8893
23572
48546
14766
42294
26877
8899
14772
46066
19182
8904
36789
32389
8910
34589
19188
46745
8916
14783
38441
19194
49940
14789
8922
26897
23045
19200
8927
38451
29464
8933
26417
19205
14801
42299
29470
8939
23057
14806
34602
8944
44224
14812
8950
46698
26905
43401
8956
14818
19222
39741
26911
32412
8962
44196
19228
26917
8967
30212
32047
8973
46160
14835
29487
23623
41026
8979
39746
14841
29493
8984
23085
19245
8990
38468
32423
26937
8996
19251
36818
29499
44238
23097
9002
48349
34624
39914
9007
14863
19262
9013
26940
14869
32705
34865
19268
9019
14875
26954
29834
9024
49909
26951
9030
23658
29831
19280
9036
14886
36829
46709
46645
14892
9042
26957
29522
42324
9047
14898
26963
9053
23675
23131
14903
47117
42322
9059
14909
26491
19302
9064
34647
14915
9070
43383
19308
34653
9076
14921
42443
19314
42328
26980
9082
43523
46642
19320
9087
36846
29544
9093
29860
19325
14938
26985
29550
9099
39937
14943
43394
9104
23709
14949
9110
42334
26997
47482
9116
44127
19342
39781
43429
38500
9122
23177
19348
38508
9127
14966
42137
9133
46715
14972
29567
23726
34675
9139
39786
14978
29573
9144
45597
19365
9150
38514
48091
23738
9156
19371
34682
29579
46225
14995
9162
49637
27025
48932
9167
15001
19382
9173
27031
48086
15006
23211
19388
9179
15012
30315
23217
9184
44899
38525
9190
23761
29914
19400
9196
15023
44901
36607
48326
15029
9202
42350
29602
27057
9207
19411
36886
9213
32794
32156
15041
46182
34704
9219
42358
15046
19422
9224
27060
15052
9230
41084
19428
27065
9236
15058
23251
19434
48087
27071
9242
34716
34396
19440
9247
36898
29624
9253
43318
15075
42363
27077
29630
9259
34957
15081
27083
9264
23812
29954
9270
49372
38548
42362
9276
29951
19462
39821
34727
32549
9282
38543
19468
34733
9287
15103
43323
9293
42368
15109
29647
37117
43428
9299
15115
42367
29653
9304
32474
19485
9310
27105
32561
23841
9316
15126
36921
29659
42375
15132
9322
42374
27117
36657
9327
15138
19502
9333
38565
32572
15143
32207
19508
9339
15149
44481
38561
9344
49048
15155
9350
23863
23325
19520
9356
15161
36932
23869
44044
19525
9362
42379
29682
45071
9367
19531
34762
9373
41425
45628
15178
49538
27145
9379
27154
15183
19542
9384
27151
15189
9390
47845
19548
27157
9396
45715
32236
19554
46200
36949
9402
23898
43340
19560
9407
15206
29704
9413
23365
15212
48366
38588
29710
9419
23371
15218
48398
9424
23915
23377
9430
47464
34784
36691
9436
30034
19582
39861
27180
15235
9442
30040
19588
27185
9447
15241
48922
9453
47500
27191
15246
34796
38595
9459
15252
36966
29733
9464
41135
19605
9470
27197
46203
23943
9476
15263
27203
29739
23949
15269
9482
47145
42402
38603
9487
26737
19622
9493
34807
40034
15281
32554
19628
9499
44308
15286
45726
9504
42408
15292
9510
23966
49866
19640
9516
15298
44941
23972
30071
19645
9522
27225
29762
23978
9527
19651
47511
9533
42415
15315
19657
42414
27237
9539
36925
15321
19662
9544
36995
38620
9550
23457
19668
38628
9556
41465
36447
19674
46749
34836
9562
24001
34835
19680
9567
15343
29784
9573
45028
15349
44950
38634
29790
9579
15355
19691
34842
9584
41297
40057
9590
49054
27265
43503
9596
15366
19702
39901
27271
15372
9602
23491
19708
27277
9607
15378
23497
9613
48760
38645
15383
42432
32955
9619
15389
27283
29813
9624
40060
15395
9630
42430
32698
24046
9636
15401
37023
29819
24052
45586
9642
46222
34864
44321
9647
41175
19742
9653
27300
32709
15418
45590
19748
9659
36765
15423
23531
9664
49189
15429
9670
34876
44207
19760
9676
42551
37035
24075
30154
19765
9682
27317
29842
24081
9687
15446
27323
9693
46806
15452
19777
46697
38668
9699
44333
15458
19782
9704
34887
32732
9710
30163
19788
34893
9716
42449
41192
19794
42448
15475
9722
24103
42561
19800
9727
15481
29864
9733
46146
19805
15486
27345
29870
9739
15492
19811
37058
9744
42455
40093
9750
42454
27357
41196
9756
15503
19822
39941
38685
15509
9762
32396
19828
45760
9767
40298
38681
9773
49595
34916
15521
24138
23605
9779
39946
15526
29893
9784
32680
15532
9790
42459
32766
33040
9796
15538
34922
29899
24155
45052
9802
46766
27385
43538
9807
47478
19862
9813
27391
15555
27400
43409
19868
9819
42464
15561
34932
9824
44979
47885
9830
42472
41215
19880
9836
27403
44981
44437
23645
19885
9842
38708
29922
24183
9847
15583
46366
9853
24189
15589
19897
47493
34944
9859
15595
47918
19902
9864
27420
38711
9870
33063
19908
27425
9876
15606
49078
19914
49795
15612
9882
24206
36836
19920
9887
15618
29944
9893
41226
19925
15623
27437
29950
9899
15629
19931
27443
9904
35200
15635
9910
48594
42482
38723
9916
15641
19942
39981
34967
36851
9922
39931
19948
34973
9927
42489
30280
9933
42488
27460
15658
24241
43424
9939
39986
15663
29973
9944
38732
15669
9950
27465
47583
41554
9956
19971
37126
29979
42495
41244
9962
42494
27477
46308
9967
15686
19982
9973
37132
15692
30698
23737
19988
9979
44971
15698
45145
9984
49727
34996
9990
27497
34995
20000
9996
37138
47184
46838
41380
15715
10002
38754
30002
24286
10007
15721
35002
10013
24292
45778
15726
49967
27505
10019
15732
23765
20022
10024
27511
32869
10030
23771
20028
27517
10036
15743
23777
20034
49731
15749
10042
42512
41566
20040
10047
27523
30024
10053
38531
20045
15761
42510
30030
10059
43449
15766
37161
10064
33154
15772
10070
46262
35024
48566
10076
15778
20062
40021
27540
32892
10082
41272
20068
27545
10087
27554
23811
10093
47191
15795
30047
24343
42364
10099
40026
15801
30053
10104
47235
20085
10110
27557
32903
42524
10116
20091
27563
30059
30371
42637
10122
46731
38788
42522
10127
15823
20102
10133
35047
15829
48620
38783
20108
10139
15835
42529
41284
10144
42528
27580
10150
24378
46186
20120
10156
15846
45021
45795
47533
15852
10162
27585
30082
37195
10167
15858
46843
10173
24395
30400
15863
42534
27597
10179
15869
40197
20142
10184
38805
15875
10190
35069
20148
43601
10196
15881
30403
20154
49379
35076
10202
27617
23885
20160
10207
37206
30104
10213
44289
20165
15898
42539
30110
10219
23897
15903
35082
10224
24429
15909
10230
46801
27625
43606
10236
43476
20182
40061
27631
47826
10242
30434
20188
27637
10247
15926
32607
10253
46280
15932
30127
24446
41306
10259
40066
15938
30133
10264
23925
20205
10270
38828
44413
24458
10276
20211
47209
30139
35629
15955
10282
49381
35104
36971
10287
15961
20222
10293
27660
38831
15966
41451
20228
10299
15972
27674
43489
10304
48577
27671
10310
24481
30460
20240
10316
15983
49516
44420
49184
15989
10322
27677
30162
42564
10327
20251
27683
10333
46746
23971
16001
49070
42562
10339
48958
16006
20262
10344
35127
16012
10350
44304
20268
35133
10356
16018
45124
20274
42568
27700
10362
33280
47158
20280
10367
37258
30184
10373
36996
16035
46291
27705
30190
10379
40251
16041
37263
10384
24532
45670
10390
42574
27717
45672
10396
27257
20302
40101
37269
33029
10402
24017
20308
38868
10407
16063
41471
10413
47914
16069
30207
27737
35155
10419
16075
46865
30213
10424
43504
20325
10430
38874
33041
24561
10436
16086
35162
30219
44435
16092
10442
49542
27745
43641
10447
16098
20342
10453
27751
33052
16103
24051
20348
10459
16109
30932
24057
10464
45059
16115
10470
24583
43518
20360
10476
16121
45061
24589
40271
20365
10482
42590
30242
27777
10487
20371
37298
10493
43745
32716
16138
46302
35184
10499
42598
16143
20382
10504
27780
16149
10510
41364
20388
27785
10516
27794
24091
20394
47220
27791
10522
24618
27331
20400
10527
16166
30264
10533
45835
16172
42603
27797
30270
10539
49087
16178
27803
10544
24635
43529
10550
48924
38908
42602
10556
30580
20422
40141
35207
16195
10562
38903
20428
35213
10567
16201
46303
10573
42608
27820
16206
35738
43634
10579
16212
37326
30293
10584
46230
20445
10590
27825
38920
24663
10596
16223
41683
30299
24669
16229
10602
42614
27837
42612
10607
42417
20462
10613
38925
43669
16241
32767
20468
10619
45695
16246
38921
10624
49767
16252
10630
24686
24165
20480
10636
16258
46881
24692
34927
20485
10642
42619
30322
24698
10647
20491
35242
10653
44464
16275
20497
48156
27865
10659
27874
16281
20502
10664
27871
37097
10670
49317
20508
27877
10676
31035
32796
20514
46320
47236
10682
24721
43551
20520
10687
16303
30344
10693
24205
16309
48418
38948
30350
10699
16315
20531
37366
10704
44478
24217
10710
47544
35264
46377
10716
16326
20542
40181
27900
16332
10722
40333
20548
27905
10727
16338
30674
10733
49198
27911
16343
35276
30671
10739
16349
37378
30373
10744
41415
16355
10750
27917
33178
24766
10756
16361
27923
30379
24772
24251
10762
47237
42642
38963
10767
44369
20582
10773
35287
33189
16378
33100
20588
10779
46322
16383
44367
10784
42648
16389
10790
47285
40345
20600
10796
38977
45101
24795
30700
20605
10802
27945
30402
24801
10807
16406
37401
10813
42655
16412
20617
42654
27957
10819
43797
16418
20622
10824
46834
33212
10830
24297
20628
38988
10836
44493
47540
20634
46852
16435
10842
24823
35315
20640
10847
16441
30424
10853
46255
20645
16446
38994
30430
10859
16452
20651
35322
10864
41571
40371
10870
49823
27985
48191
10876
16463
20662
40221
27991
16469
10882
24331
20668
27997
10887
45878
24337
10893
49082
37429
16481
24858
30754
10899
40226
16486
30453
10904
38777
16492
10910
42670
33246
28017
10916
16498
39011
30459
24875
46798
10922
46342
35344
47198
10927
41455
20702
10933
28020
16515
33517
46338
20708
10939
42675
16521
24371
10944
48167
28031
10950
35356
27577
20720
10956
37446
42932
44511
43598
20725
10962
28037
30482
24903
10967
16543
28043
10973
24909
16549
20737
48623
39028
10979
16555
30791
20742
10984
35367
47938
10990
39023
20748
35373
10996
16566
41472
20754
42688
16572
11002
24926
44403
20760
11007
16578
30504
11013
27611
20765
16583
28065
30510
11019
16589
20771
45298
11024
42695
16595
11030
42694
28077
37217
11036
16601
20782
40261
37475
44525
11042
32956
20788
43738
11047
40606
39041
11053
49088
35396
16618
24961
24445
11059
40266
16623
30533
11064
41617
16629
11070
42699
48405
42817
11076
20811
35402
30539
41785
35323
11082
48973
28105
43743
11087
16646
20822
11093
28111
16652
28120
45213
20828
11099
42704
16658
35412
11104
45139
43749
11110
42712
41495
20840
11116
28123
45141
38771
24485
16675
11122
39068
30562
25006
11127
16681
37503
11133
25012
24497
16686
47573
35424
11139
16692
30874
20862
11144
28140
33349
11150
30880
20868
28145
11156
16703
40772
20874
47211
16709
11162
35436
39075
20880
11167
41803
30584
11173
41506
20885
16721
28157
30590
11179
41512
16726
28163
11184
30897
16732
11190
47265
42722
39083
11196
16738
20902
40301
35447
33372
11202
42575
20908
35453
11207
42729
35677
11213
42728
16755
30607
25063
43635
11219
40306
16761
30613
11224
30911
20925
11230
28185
33383
47278
11236
20931
37538
30619
42735
41524
11242
42734
28197
45764
11247
16783
20942
11253
43772
16789
33657
24577
20948
11259
16795
41825
33311
11264
49095
35476
11270
25098
35475
20960
11276
16806
37549
44558
40465
16812
11282
39114
30642
37745
11287
16818
35482
11293
25115
43647
16823
49094
28225
11299
16829
24605
20982
11304
28231
16835
11310
24611
20988
28237
11316
16841
24617
20994
48417
39125
11322
42752
33675
21000
11327
28243
30664
11333
45245
21005
16858
42750
30670
11339
41841
16863
39131
11344
25149
16869
11350
46382
35504
40483
11356
41546
21022
40341
28260
42756
11362
41552
21028
28265
11367
16886
24651
11373
48645
16892
30687
25166
42717
11379
40346
16898
30693
11384
30994
21045
11390
28277
47590
25178
11396
21051
28283
30699
45247
16915
11402
47887
39148
42762
11407
16921
21062
11413
35527
46306
16926
31003
21068
11419
16932
42769
41564
11424
42768
28300
11430
25201
27851
21080
11436
16943
45181
46437
27857
16949
11442
28305
30722
46386
11447
21091
37606
11453
42775
49806
16961
42774
28317
11459
31412
16966
21102
11464
37612
16972
11470
35549
21108
43806
11476
16978
39161
21114
49888
35556
11482
28337
24725
21120
11487
37618
30744
11493
42632
16995
45190
42779
30750
11499
24737
17001
35562
11504
25252
30657
11510
46903
28345
48649
11516
41714
21142
40381
28351
33509
11522
43689
21148
28357
11527
17023
33167
11533
46400
17029
30767
42792
41586
11539
17035
28363
30773
11544
24765
21165
11550
39188
33521
25281
11556
17046
37641
30779
44598
17052
11562
48452
35584
46849
11567
17058
21182
11573
28380
33532
17063
33783
21188
11579
17069
28394
42905
11584
47923
17075
11590
25303
37396
21200
11596
17081
37652
25309
43700
21205
11602
28397
30802
42804
11607
21211
28403
11613
46961
24811
17098
49099
42802
11619
40743
17103
21222
11624
35607
17109
11630
27965
21228
35613
11636
42809
31120
21234
42808
28420
11642
25338
40557
21240
11647
17126
30824
11653
39212
17132
46411
28425
30830
11659
31123
17138
40565
11664
25355
46406
11670
42814
28437
47644
11676
46908
21262
40421
48432
17155
11682
24857
21268
39228
11687
17161
42666
11693
48985
35636
17166
28457
35635
11699
17172
37686
30853
11704
39005
21285
11710
39234
48211
25383
11716
17183
35642
30859
25389
17189
11722
49908
28465
43846
11727
24885
21302
11733
28471
47910
17201
24891
21308
11739
39237
17206
24897
11744
45219
17212
11750
25406
45293
21320
11756
17218
45221
25412
48195
21325
11762
42830
30882
25418
11767
21331
39251
11773
33874
17235
21337
46422
35664
11779
42838
17241
21342
11784
28500
42836
11790
41644
21348
28505
11796
28514
24931
21354
47311
28511
11802
25441
41773
21360
11807
17263
30904
11813
46478
17269
42843
28517
30910
11819
17275
21371
28523
11824
31211
41943
11830
49117
39268
42842
11836
17286
21382
40461
35687
17292
11842
39263
21388
35693
11847
17298
45830
11853
42848
28540
17303
49011
28097
11859
17309
37738
30933
11864
35620
17315
11870
28545
33658
25486
11876
17321
37743
30939
25492
31240
11882
42854
28557
37497
11887
43744
21422
11893
37749
33669
17338
33327
21428
11899
46878
17343
31243
11904
49560
17349
11910
28577
25005
21440
11916
39291
37755
25515
28131
21445
11922
42859
30962
25521
11927
17366
35722
11933
45988
17372
21457
46938
28585
11939
28594
17378
21462
11944
28591
33692
11950
31274
21468
28597
11956
31652
33356
21474
46440
17395
11962
25543
46435
21480
11967
17401
30984
11973
25045
21485
17406
39308
30990
11979
17412
21491
37778
11984
47369
25057
11990
47624
35744
37531
11996
17423
21502
40501
28620
17429
12002
45322
21508
28625
12007
28634
43769
12013
46885
28631
17441
25578
31300
12019
40506
17446
31013
12024
41695
17452
12030
28637
33726
42884
12036
17458
28643
31019
25595
25091
12042
48668
42882
39323
12047
46886
21542
12053
35767
17475
45423
30931
21548
12059
44668
17481
41995
12064
42888
28660
12070
34000
46420
21560
12076
37806
45261
41997
37556
21565
12082
28665
31042
25623
12087
17503
47664
12093
25629
17509
21577
42894
28677
12099
17515
35487
21582
12104
43909
39340
12110
25137
21588
39348
12116
17526
28245
21594
46955
17532
12122
25646
35795
21600
12127
17538
31064
12133
40677
21605
17543
39354
31070
12139
17549
21611
35802
12144
40685
17555
12150
49704
28705
46003
12156
17561
21622
40541
28711
43017
12162
25171
21628
28717
12167
31755
25177
12173
48451
39365
17578
25681
43798
12179
40546
17583
31093
12184
43796
17589
12190
42910
40881
28737
12196
21651
37846
31099
46013
45866
12202
46462
35824
44681
12207
17606
21662
12213
28740
17612
39373
43803
21668
12219
37605
17618
25211
12224
47340
28751
12230
35836
45933
21680
12236
37858
42034
49615
43025
17635
12242
28757
31122
25726
12247
17641
28763
12253
25732
43809
17646
47680
39388
12259
17652
31420
21702
12264
35847
33829
12270
39383
21708
35853
12276
17663
41752
21714
42928
17669
12282
42321
31045
21720
12287
42927
31144
12293
33760
21725
17681
28785
31150
12299
41877
17686
37881
12304
42935
17692
12310
42934
28797
41756
12316
17698
21742
40581
39405
33852
12322
33516
21748
43943
12327
42057
39401
12333
49898
17715
31167
25783
25285
12339
40586
17721
31173
12344
28377
21765
12350
42939
33863
34120
12356
21771
35882
31179
44704
44596
12362
48236
28825
46034
12367
17743
21782
12373
28831
17749
28840
44785
21788
12379
17755
46529
35892
12384
45299
37909
12390
25818
41775
21800
12396
17766
45301
31491
25325
17772
12402
39428
31202
28857
12407
17778
42074
12413
25835
25337
17783
47653
35904
12419
17789
43838
21822
12424
28860
17795
12430
43068
21828
28865
12436
17801
31514
21834
48975
28871
12442
35916
31511
21840
12447
37926
31224
12453
41786
21845
17818
28877
31230
12459
41792
17823
28883
12464
25869
17829
12470
47357
42962
39443
12476
28451
21862
40621
35927
37691
12482
46966
21868
35933
12487
17846
46041
12493
42968
17852
31247
25886
45388
12499
40626
17858
31253
12504
31540
21885
12510
28905
46043
25898
12516
21891
47312
31259
42975
17875
12522
42974
28917
49423
12527
17881
21902
12533
37955
39460
17886
25417
21908
12539
17892
44733
31177
12544
46989
35956
12550
25921
35955
21920
12556
17903
48028
36452
47649
17909
12562
39474
31282
36458
12567
21931
35962
12573
47354
48708
17921
49665
28945
12579
28954
17926
21942
12584
28951
17932
12590
25451
21948
28957
12596
17938
25457
21954
48683
39485
12602
42992
31594
21960
12607
28963
31304
12613
43957
17955
48207
42990
31310
12619
46551
17961
37983
12624
25972
33647
12630
46502
35984
47315
12636
41826
21982
40661
28980
33989
12642
41832
21988
28985
12647
17983
25491
12653
48247
17989
31327
35996
46426
12659
17995
44636
31333
12664
43878
22005
12670
28997
34001
26001
12676
18006
29003
31339
45409
18012
12682
49106
39508
43002
12687
18018
22022
12693
36007
34012
18023
39503
22028
12699
18029
43009
41844
12704
43008
18035
12710
26023
49249
22040
12716
18041
45341
26029
44649
22045
12722
29025
31362
46506
12727
22051
38018
12733
43015
41977
18058
43014
29037
12739
32029
18063
22062
12744
39525
18069
12750
36029
22068
49514
12756
41018
39521
22074
49128
36036
12762
26058
25565
22080
12767
18086
31384
12773
37720
18092
45350
43019
31390
12779
25577
18098
36042
12784
26075
41817
12790
47006
29065
44018
12796
49509
22102
40701
29071
18115
12802
43137
22108
29077
12807
18121
33727
12813
46520
48545
18126
43032
41866
12819
18132
29083
31413
12824
25605
22125
12830
39548
42157
26103
12836
18143
43275
31419
26109
18149
12842
49421
36064
37811
12847
31714
22142
12853
29100
39551
18161
31720
22148
12859
39337
18166
49281
12864
47711
18172
12870
26126
39555
22160
12876
18178
47391
26132
43911
22165
12882
29117
31442
26138
12887
22171
29123
12893
31737
18195
22177
47385
43042
12899
42177
18201
22182
12904
36087
40874
12910
44678
22188
36093
12916
43049
36305
22194
43048
29140
12922
26161
44676
22200
12927
18223
31464
12933
31751
18229
46531
29145
31470
12939
18235
22211
38086
12944
43055
43923
12950
43054
29157
45952
12956
18246
22222
40741
38092
18252
12962
25697
22228
39588
12967
18258
38029
12973
49135
36116
18263
29177
36115
12979
18269
38098
31493
12984
46962
18275
12990
39594
34138
26206
12996
18281
36122
31499
26212
40897
13002
49134
29185
47766
13007
25725
22262
13013
29191
34149
18298
25731
22268
13019
39597
18303
25737
13024
45379
18309
13030
43072
34395
22280
13036
29203
45381
26235
40900
22285
13042
43070
31522
26241
13047
18326
38121
13053
49026
18332
22297
46542
36144
13059
43078
18338
22302
13064
29220
34172
13070
41924
22308
29225
13076
29234
25771
22314
48515
18355
13082
26263
42051
22320
13087
18361
31544
13093
31834
22325
18366
29237
31550
13099
18372
22331
29243
13104
47806
34429
13110
46977
39628
43082
13116
18383
22342
40781
36167
18389
13122
31843
22348
36173
13127
43089
46543
13133
43088
29260
18401
26298
39577
13139
40786
18406
31573
13144
35887
18412
13150
29265
34206
38155
13156
18418
47407
31579
26315
36397
13162
43094
29277
43092
13167
43955
22382
13173
39645
18435
32241
33887
22388
13179
45975
18441
39641
13184
49629
36196
13190
29297
25845
22400
13196
38166
49666
34474
38105
22405
13202
43099
31602
26343
13207
18463
36202
13213
26349
18469
22417
47041
29305
13219
18475
48298
22422
13224
29311
37937
13230
43969
22428
29317
13236
18486
33916
22434
46560
18492
13242
26366
46555
22440
13247
18498
31624
13253
25885
22445
18503
39668
31630
13259
18509
22451
47097
13264
44838
18515
13270
47704
36224
44914
13276
18521
22462
40821
29340
39671
13282
34503
22468
29345
13287
29354
44920
13293
48865
29351
18538
26401
37956
13299
40826
18543
31653
13304
41975
18549
13310
29357
46563
43124
13316
22491
29363
31659
46047
25931
13322
48714
43122
39683
13327
18566
22502
13333
36247
18572
44842
42100
22508
13339
46562
18578
31960
13344
43128
29380
13350
45487
43984
22520
13356
38218
45421
42265
39692
18595
13362
29385
31682
26446
13367
18601
38223
13373
26452
41992
18606
43134
29397
13379
18612
28971
22542
13384
38229
34309
13390
25977
22548
39708
13396
18623
34234
22554
49151
18629
13402
29417
36275
22560
13407
44931
31704
13413
48470
22565
18641
39714
31710
13419
33996
18646
36282
13424
47751
18652
13430
49894
29425
44121
13436
18658
22582
40861
29431
34332
13442
26011
22588
29437
13447
32372
26017
13453
49263
18675
31727
26503
42286
13459
40866
18681
31733
13464
49521
22605
13470
43150
34343
29457
13476
22611
38258
31739
34594
46625
13482
46582
36304
44756
13487
18703
22622
13493
29460
18709
34597
46578
22628
13499
18715
29474
26051
13504
47431
29471
13510
26538
44763
22640
13516
18726
38269
44871
38211
18732
13522
29477
31762
43164
13527
18738
29483
13533
26555
43265
18743
47011
39748
13539
18749
38036
22662
13544
36327
18755
13550
39743
22668
36333
13556
18761
42032
22674
43168
29500
13562
38465
36047
22680
13567
38286
31784
13573
44767
22685
18778
29505
31790
13579
29085
18783
45606
13584
26589
18789
13590
43174
29517
38057
13596
41037
22702
40901
39765
44149
13602
34076
22708
48723
13607
18806
32083
13613
49817
18812
31807
26606
26125
13619
40906
18818
31813
13624
43281
22725
13630
43179
49437
26618
13636
22731
36362
31819
47442
18835
13642
49152
29545
44891
13647
18841
22742
13653
29551
42047
18846
32114
22748
13659
18852
32475
36372
13664
45459
45531
13670
26641
42055
22760
13676
18863
45461
43297
26165
18869
13682
39788
31842
29577
13687
22771
38326
13693
48562
26177
18881
47733
36384
13699
43198
18886
22782
13704
29580
18892
13710
48287
22788
29585
13716
18898
44049
22794
49445
29591
13722
36396
32140
22800
13727
38338
31864
13733
42066
18915
43203
29597
31870
13739
42072
18921
29603
13744
26692
26211
13750
49150
43202
39803
13756
44148
22822
40941
36407
34469
13762
48009
22828
36413
13767
18943
48746
13773
43208
18949
31887
34720
46535
13779
18955
39817
31893
13784
38116
22845
13790
29625
34481
26721
13796
18966
38361
31899
43215
18972
13802
43214
29637
46044
13807
18978
22862
13813
46180
34492
18983
26257
22868
13819
18989
46188
47729
13824
47092
18995
13830
26743
36435
22880
13836
19001
38372
26749
44064
22885
13842
39834
31922
38557
13847
22891
36442
13853
44915
32203
19018
49582
29665
13859
29674
19023
22902
13864
29671
19029
13870
26291
22908
29677
13876
46191
26297
22914
48883
38389
13882
26778
44078
22920
13887
19046
31944
13893
41111
19052
49015
43230
31950
13899
32234
19058
39851
13904
26795
34207
13910
46622
36464
44921
13916
42106
22942
40981
29700
19075
13922
42112
22948
29705
13927
19081
26331
13933
47460
29711
19086
36476
29291
13939
19092
38406
31973
13944
46257
22965
13950
29717
47750
26823
13956
19103
29723
31979
26829
19109
13962
49510
39868
43242
13967
32260
22982
13973
36487
48563
19121
39863
22988
13979
39865
19126
42124
13984
43248
19132
13990
26846
34483
23000
13996
19138
45501
26852
43112
23005
14002
29745
32002
26858
14007
23011
42403
14013
43255
19155
23017
43254
29757
14019
47868
19161
23022
14024
38435
47109
14030
36509
23028
44218
14036
41326
39881
23034
49845
36516
14042
26881
26405
23040
14047
19183
32024
14053
36236
19189
45510
43259
32030
14059
19195
23051
36522
14064
44944
29365
14070
48316
29785
44223
14076
19206
23062
41021
29791
19212
14082
46265
23068
29797
14087
19218
34287
14093
46640
44229
19223
43272
42146
14099
19229
29803
32053
14104
26445
19235
14110
39908
34618
26926
14116
19241
38463
32059
26932
26457
14122
48555
36544
48348
14127
44118
23102
14133
29820
34629
19258
36757
23108
14139
44116
19263
32354
14144
47794
19269
14150
36556
32351
23120
14156
49178
38475
26955
49786
23125
14162
29837
32082
26961
14167
19286
29843
14173
44124
19292
23137
47477
43282
14179
41361
19298
23142
14184
36567
34652
14190
39716
23148
36573
14196
43289
42291
23154
43288
19315
14202
26983
41185
23160
14207
19321
32104
14213
32380
23165
19326
29865
32110
14219
19332
23171
38498
14224
43295
46646
14230
43294
29877
41200
14236
19343
23182
41061
44252
19349
14242
26537
23188
39948
14247
44973
44864
14253
49177
36596
19361
27018
36595
14259
41066
19366
32133
14264
47438
19372
14270
39954
34686
38697
14276
19378
36602
32139
27035
41211
14282
49756
29905
44258
14287
26565
23222
14293
29911
19395
29920
26571
23228
14299
39957
19401
26577
14304
45539
39965
14310
43312
32434
23240
14316
29923
45541
38287
43167
23245
14322
43310
32162
27063
14327
19423
39971
14333
27069
19429
23257
46662
36624
14339
19435
44151
23262
14344
29940
43316
14350
42204
23268
29945
14356
19446
26611
23274
48327
19452
14362
27086
29537
23280
14367
19458
32184
14373
44158
23285
19463
29957
32190
14379
19469
23291
29963
14384
45065
19475
14390
47803
39988
43322
14396
19481
23302
41101
36647
46165
14402
39983
23308
36653
14407
43329
44163
14413
43328
29980
19498
27121
43192
14419
41106
19503
32213
14424
29571
19509
14430
29985
40000
46666
14436
23331
38566
32219
43335
46246
14442
43334
29997
38337
14447
19526
23342
14453
38572
19532
32858
34447
23348
14459
46717
19538
40001
14464
49168
36676
14470
30017
26685
23360
14476
38578
41257
46253
48089
19555
14482
43339
32242
27166
14487
19561
36682
14493
27172
47026
19566
47143
30025
14499
19572
41260
23382
14504
30031
34789
14510
48126
23388
30037
14516
19583
34476
23394
46680
19589
14522
43352
44180
23400
14527
30043
32264
14533
26725
23405
19601
40028
32270
14539
26731
19606
38601
14544
37172
19612
14550
47784
36704
38371
14556
19618
23422
41141
30060
34812
14562
32560
23428
30065
14567
30074
48132
14573
47457
19635
32287
27223
40035
14579
41146
19641
32293
14584
42255
23445
14590
30077
34823
43364
14596
23451
30083
32299
32577
26771
14602
47505
43362
40043
14607
19663
23462
14613
36727
19669
47595
43226
23468
14619
19675
43369
41293
14624
43368
30100
14630
27258
39845
23480
14636
19686
45581
45024
32591
19692
14642
30105
32322
38635
14647
19698
43474
14653
27275
42272
19703
43374
30117
14659
19709
44897
23502
14664
46271
19715
14670
26817
23508
40068
14676
19721
34780
23514
49175
36756
14682
30137
36755
23520
14687
38646
32344
14693
41305
23525
19738
40074
32350
14699
34556
19743
36762
14704
27309
19749
14710
49174
30145
44326
14716
26845
23542
41181
30151
41320
14722
26851
23548
30157
14727
19766
26857
14733
49036
19772
32367
27326
35115
14739
41186
19778
32373
14744
48916
23565
14750
43390
41498
27338
14756
23571
40091
32379
43623
19795
14762
46702
36784
41323
14767
19801
23582
14773
30180
43396
19806
46150
23588
14779
19812
30194
26891
14784
48765
30191
14790
27361
46685
23600
14796
19823
47217
47172
32674
19829
14802
30197
32402
43404
14807
23611
30203
14813
37003
35149
19841
48076
40108
14819
45053
19846
23622
14824
36807
19852
14830
32683
23628
36813
14836
19858
42312
23634
43408
30220
14842
37281
29811
23640
14847
38698
32424
14853
29817
19875
48938
30225
32430
14859
44958
19881
38703
14864
27412
37025
14870
43414
30237
42316
14876
42431
23662
41221
38709
34949
14882
34636
23668
49597
14887
19903
40121
14893
49984
19909
32447
30257
26965
14899
19915
40131
32453
14904
43284
23685
14910
43419
34961
27441
14916
19926
36842
32459
42597
19932
14922
47178
30265
44361
14927
19938
23702
14933
30271
34972
19943
44249
23708
14939
19949
33092
36852
14944
45619
19955
14950
27463
42335
23720
14956
19961
45621
27469
27005
23725
14962
40148
32482
30297
14967
23731
38738
14973
45078
27017
19978
47813
36864
14979
43438
19983
23742
14984
30300
19989
14990
35223
23748
30305
14996
30314
45693
23754
49164
30311
15002
27498
38516
23760
15007
20006
32504
15013
42346
20012
43443
30317
32510
15019
42352
20018
30323
15024
27515
27051
15030
49179
43442
40163
15036
44354
23782
41261
36887
20035
15042
29925
23788
36893
15047
20041
32800
15053
43448
30340
20046
48163
41397
15059
20052
38766
32533
15064
40172
23805
15070
30345
49206
27543
15076
20063
41405
32539
27549
20069
15082
43454
30357
46315
15087
47180
23822
15093
44389
40180
20081
27097
23828
15099
48117
20086
44991
15104
47195
20092
15110
27566
36915
23840
15116
20098
46317
27572
44275
23845
15122
40194
32562
27578
15127
23851
36922
15133
44475
20115
23857
49646
30385
15139
30394
20121
23862
15144
30391
46192
15150
27131
23868
30397
15156
33195
27137
23874
49298
40205
15162
27601
46788
23880
15167
20143
32584
15173
46251
20149
49689
43470
32590
15179
20155
23891
38806
15184
35314
34767
15190
46742
36944
40005
15196
20166
23902
41301
30420
20172
15202
42392
23908
30425
15207
20178
27171
15213
47551
30431
20183
36956
48363
15219
20189
38818
32613
15224
46791
20195
15230
30437
35098
27646
15236
20201
30443
32619
27652
42663
15242
49289
40228
43482
15247
38596
23942
15253
36967
35109
20218
40223
23948
15259
40225
20223
42404
15264
43488
20229
15270
44508
30057
23960
15276
43487
45661
27675
42365
23965
15282
30465
32642
27681
15287
20246
38841
15293
43495
20252
23977
43494
30477
15299
46340
20258
23982
15304
40245
35132
15310
36989
23988
44423
15316
47564
32923
23994
49459
20275
15322
27703
27245
24000
15327
20281
32664
15333
30091
24005
20286
43499
32670
15339
20292
24011
37002
15344
46348
35074
15350
49192
30505
45131
15356
20303
24022
41341
30511
20309
15362
32954
24028
30517
15367
44517
34847
15373
46760
38869
20321
27738
42426
15379
41346
20326
32693
15384
27285
20332
15390
40268
35166
30537
15396
20338
47569
32699
27755
27297
15402
49461
37024
38651
15407
42698
24062
15413
30540
20355
42708
46811
24068
15419
42554
20361
44329
15424
47165
30551
15430
37036
32980
24080
15436
38886
48612
45140
49769
24085
15442
30557
32722
27783
15447
20383
30563
15453
27789
20389
24097
48788
43522
15459
20395
43392
24102
15464
37047
47169
15470
47110
24108
37053
15476
20406
37257
24114
43528
20412
15482
27806
47112
24120
15487
20418
32744
15493
38676
24125
20423
30585
32750
15499
20429
24131
46285
15504
43535
20435
15510
43534
30597
46232
15516
20441
24142
41381
38915
40300
15522
27377
24148
40308
15527
47921
30205
15533
47229
37076
20458
27841
37075
15539
41386
20463
32773
15544
41517
20469
15550
40314
48794
42733
15556
24171
37082
32779
41525
33043
15562
49733
30625
44463
15567
20486
24182
15573
30631
20492
30640
27411
24188
15579
40317
20498
27417
15584
45699
40325
15590
43552
44358
24200
15596
30643
45701
48431
44356
20515
15602
43550
32802
27886
15607
20521
38943
15613
27892
34956
20526
46782
37104
15619
20532
48389
24222
15624
30660
35269
15630
42484
24228
30665
15636
20543
27451
24234
47580
20549
15642
37116
37309
24240
15647
49191
32824
15653
45773
24245
20561
30677
32830
15659
48943
20566
30683
15664
37057
20572
15670
48183
40348
43562
15676
20578
24262
41421
37127
35292
15682
40343
24268
37133
15687
43569
46783
15693
43568
20595
32847
27943
44255
15699
41426
20601
32853
15704
38917
24285
15710
30705
35303
46786
15716
24291
38978
32859
43575
42877
15722
43574
30717
43572
15727
20623
24302
15733
40365
20629
39160
35007
24308
15739
20635
41738
40361
15744
49691
37156
15750
27978
27525
24320
15756
20646
38989
35554
30337
20652
15762
43579
32882
35560
15767
20658
37162
15773
27995
46777
20663
47246
30745
15779
20669
40177
24342
15784
30751
20675
15790
45853
24348
30757
15796
20681
35036
24354
46800
46391
15802
43592
44391
24360
15807
30763
32904
15813
27565
24365
20698
40388
32910
15819
27571
20703
42794
15824
28029
20709
15830
47864
37184
41594
15836
44398
24382
41461
30780
40391
15842
37385
24388
30785
15847
20726
33194
15853
49066
20732
32927
28046
33191
15859
41466
20738
32933
15864
42535
24405
15870
30797
46803
28058
15876
24411
30803
32939
44404
20755
15882
47597
43602
40403
15887
20761
24422
15893
37207
38811
20766
48763
24428
15899
20772
43609
45802
15904
43608
30820
15910
28081
47202
24440
15916
20783
45741
47602
33220
20789
15922
30825
32962
49407
15927
24451
39046
15933
43615
42552
20801
43614
30837
15939
33572
20806
24462
15944
39052
20812
15950
27657
24468
40428
15956
20818
32891
24474
49213
37236
15962
30857
37235
24480
15967
39058
32984
15973
45725
20835
45750
40434
32990
15979
35116
20841
37242
15984
28132
44612
15990
49899
30865
46337
15996
27685
24502
41501
30871
35429
16002
27691
24508
30877
16007
20863
27697
16013
48803
20869
33007
43632
33274
16019
20875
30883
33013
16024
46752
24525
16030
43630
35441
28161
16036
20886
39081
33019
35674
20892
16042
46822
37264
43600
16047
20898
24542
16053
30900
35452
20903
46818
24548
16059
20909
30914
27731
16064
48407
20915
16070
28183
37007
24560
16076
20921
39092
28189
44438
24565
16082
30917
33042
43644
16087
24571
30923
16093
42805
33314
20938
47565
40468
16099
46428
20943
24582
16104
37287
20949
16110
40463
24588
37293
16116
43649
42592
24594
43648
30940
16122
28218
37486
24600
16127
20966
33064
16133
47268
20972
49209
30945
33070
16139
40276
20978
49706
16144
28235
47945
16150
43654
30957
38897
16156
41665
24622
41541
40485
20995
16162
35196
24628
44561
16167
21001
40481
16173
49208
37316
21006
30977
27805
16179
21012
39126
33093
16184
33005
24645
16190
43659
49918
28263
16196
21023
37322
33099
28269
21029
16202
47281
30985
44566
16207
45845
24662
16213
30991
42607
21041
47924
24668
16219
43664
21046
37332
16224
45779
21052
16230
28286
42615
24680
16236
21058
45781
28292
27845
24685
16242
40508
33122
28298
16247
24691
43892
16253
37789
21075
24697
47893
37344
16259
43678
21081
24702
16264
31020
40511
16270
33400
24708
31025
16276
31034
47668
24714
48812
31031
16282
28321
40515
24720
16287
21103
33144
16293
42626
21109
43683
31037
33150
16299
21115
24731
31043
16304
33417
27891
16310
47625
43682
40523
16316
21126
24742
41581
37367
21132
16322
44557
24748
37373
16327
21138
43788
16333
43688
31060
21143
35800
48412
16339
21149
39178
33173
16344
33431
21155
16350
31065
35578
28366
16356
21161
39183
33179
28372
42644
16362
43694
31077
46324
16367
43564
24782
16373
39189
35589
21178
27937
24788
16379
42760
21183
40497
16384
49215
21189
16390
31097
37395
24800
16396
42914
39195
28395
45868
24805
16402
40554
33202
28401
16407
21206
37402
16413
47592
21212
24817
49214
31105
16419
31114
21218
24822
16424
31111
35612
16430
27971
24828
31117
16436
33812
27977
24834
49857
21235
16442
28423
35835
24840
16447
21241
33224
16453
41740
24845
21246
43710
33230
16459
21252
24851
39218
16464
44697
35327
16470
46862
37424
45281
16476
21263
24862
41621
31140
21269
16482
42672
24868
31145
16487
31154
28011
16493
48652
31151
21281
28458
35563
16499
41626
21286
33253
16504
33514
21292
16510
31157
35646
43724
16516
21298
31163
33259
28475
35869
16522
47257
40588
43722
16527
41765
24902
16533
37447
21315
48630
33523
24908
16539
40585
21321
42684
16544
43728
31180
16550
37898
35594
24920
16556
39246
45821
45196
37196
24925
16562
31185
33282
28503
16567
21343
45966
16573
28509
21349
24937
43734
31197
16579
21355
40405
24942
16584
40605
44629
16590
37469
24948
46480
16596
21366
40601
24954
49948
21372
16602
28526
28085
24960
16607
21378
33304
16613
44603
24965
21383
43739
33310
16619
21389
24971
37482
16624
42957
21395
16630
47657
31225
49340
16636
21401
24982
41661
31231
39057
16642
44529
24988
31237
16647
33915
35407
16653
46880
47989
21418
28561
42706
16659
41666
21423
33333
16664
28125
21429
16670
2
49563
8
16676
25011
14
33339
45318
20
16682
49557
25
44617
31
21446
25022
37
31260
21452
43
35943
25028
48
45315
21458
54
16704
48805
60
16710
37516
65
25040
71
39298
47660
77
44540
21475
83
31277
33362
88
16727
21481
94
16733
28612
100
21486
48834
105
16739
111
33285
25062
117
37527
35749
123
48806
25068
128
16756
21503
134
25074
43768
140
16762
45400
145
25080
151
40657
33384
157
40652
25085
163
31305
33390
168
33643
21526
174
16784
43775
180
16790
43774
185
43865
191
21538
25102
197
47276
35772
203
28217
25108
208
16807
42997
214
16813
47332
220
33407
28663
225
16819
231
21561
33413
237
45236
25125
243
40674
35783
248
16836
25131
254
33419
48835
260
16842
49988
265
48980
271
21583
25142
277
31351
21589
283
28251
25148
288
21595
39514
294
16864
45859
300
16870
28698
305
25160
311
21606
45861
317
40491
21612
323
43790
33442
328
16887
21618
334
16893
28715
340
21623
46902
345
16899
351
49852
25182
357
31380
21635
363
42764
25188
368
16916
21641
374
25194
47671
380
16922
37596
385
25200
391
39366
33464
397
46944
25205
403
31397
33470
408
36046
21663
414
16944
28749
420
16950
47291
425
43802
431
39156
25222
437
37607
45937
443
40703
25228
448
16967
21686
454
16973
43808
460
33487
28766
465
16979
471
21698
33493
477
42891
25245
483
31425
40720
488
16996
25251
494
33499
43815
500
17002
43814
505
39177
511
21721
25262
517
39395
45365
523
35567
25268
528
21732
42046
534
17024
49931
540
17030
28801
545
25280
551
21743
48841
557
48838
21749
563
43819
33522
568
17047
25291
574
17053
47682
580
21761
49232
585
17059
591
21766
25302
597
31471
21772
603
33794
25308
608
17076
21778
614
25314
46920
620
17082
43832
625
25320
631
31483
33544
637
28405
21795
643
40748
33550
648
28411
21801
654
17104
28852
660
17110
47944
665
39211
671
48263
25342
677
31500
35909
683
44683
25348
688
17127
21823
694
17133
48965
700
33567
37676
705
17139
711
46537
33573
717
42815
25365
723
31517
35921
728
17156
21846
734
33579
47306
740
17162
49230
745
40763
751
21858
25382
757
37687
35932
763
46468
25388
768
21869
43849
774
17184
43848
780
17190
28903
785
25400
791
21881
45901
797
39236
25405
803
31545
33602
808
17207
25411
814
17213
43855
820
21898
43854
825
17219
831
21903
25422
837
44732
21909
843
28497
25428
848
17236
46548
854
25434
48274
860
17242
28938
865
25440
871
21926
33624
877
44624
21932
883
40794
33630
888
35676
21938
894
17264
28955
900
17270
49622
905
44738
911
28525
25462
917
31591
21955
923
28531
25468
928
17287
21961
934
17293
49832
940
21966
43872
945
17299
951
31603
33653
957
41951
25485
963
43870
46117
968
17316
21983
974
33659
28989
980
17322
46942
985
45401
991
42855
25502
997
31620
43876
1003
44643
25508
1008
39285
22006
1014
17344
47700
1020
17350
29006
1025
25520
1031
22018
43114
1037
43977
25525
1043
31637
33682
1048
17367
25531
1054
17373
43851
1060
25537
49112
1065
17379
1071
22041
25542
1077
37767
45316
1083
40823
25548
1088
17396
43889
1094
25554
43888
1100
17402
29041
1105
25560
1111
22063
33704
1117
43764
22069
1123
31665
33710
1128
22075
25571
1134
17424
43895
1140
17430
43894
1145
42876
1151
22086
25582
1157
39532
22092
1163
35756
25588
1168
17447
22098
1174
17453
49711
1180
22103
31697
1185
17459
1191
39538
33733
1197
42994
22115
1203
43899
36058
1208
17476
22121
1214
33739
29092
1220
17482
47383
1225
48526
1231
43000
25622
1237
31711
36069
1243
49625
25628
1248
43904
22143
1254
17504
45939
1260
17510
43912
1265
25640
1271
31723
45941
1277
28685
25645
1283
40868
33762
1288
17527
22166
1294
17533
45438
1300
25657
47973
1305
17539
1311
22178
25662
1317
31740
36092
1323
42013
25668
1328
17556
31754
1334
25674
48874
1340
17562
29143
1345
25680
1351
22201
33784
1357
42906
25685
1363
31757
33790
1368
22212
25691
1374
17584
44684
1380
17590
47717
1385
40883
1391
22223
25702
1397
37847
22229
1403
46012
25708
1408
17607
43929
1414
17613
43928
1420
22241
29178
1425
17619
1431
22246
33813
1437
34060
22252
1443
31785
36126
1448
17636
22258
1454
33819
29195
1460
17642
43934
1465
42040
1471
43994
25742
1477
47380
22275
1483
28777
25748
1488
47344
22281
1494
17664
48011
1500
17670
31817
1505
25760
1511
39606
46585
1517
46906
25765
1523
40914
33842
1528
17687
22303
1534
17693
29229
1540
25777
49754
1545
17699
1551
28805
25782
1557
31831
46472
1563
28811
25788
1568
17716
22326
1574
25794
49242
1580
17722
29246
1585
25800
1591
22338
33864
1597
40737
25805
1603
43950
33870
1608
22349
25811
1614
17744
36394
1620
17750
46982
1625
47018
1631
22361
25822
1637
31860
43956
1643
42952
25828
1648
17767
31874
1654
17773
48487
1660
22378
29281
1665
17779
1671
22383
33893
1677
44718
22389
1683
31877
47990
1688
17796
25851
1694
33899
38114
1700
17802
48863
1705
43962
1711
22406
25862
1717
37927
22412
1723
40943
25868
1728
40945
22418
1734
17824
43968
1740
17830
43213
1745
25880
1751
39658
45981
1757
31531
22435
1763
31905
33922
1768
17847
22441
1774
17853
29332
1780
22446
43974
1785
17859
1791
47362
25902
1797
39669
36229
1803
37949
25908
1808
17876
22463
1814
25914
49248
1820
17882
31937
1825
25920
1831
40971
33944
1837
36163
25925
1843
43979
33950
1848
28937
22486
1854
17904
43225
1860
17910
47418
1865
44841
1871
22498
25942
1877
31951
36252
1883
44077
25948
1888
17927
34532
1894
17933
47000
1900
33967
29383
1905
17939
1911
22521
33973
1917
28965
25965
1923
40988
36263
1928
17956
25971
1934
33979
42394
1940
17962
49501
1945
39491
1951
22543
25982
1957
31980
22549
1963
34240
25988
1968
22555
31994
1974
17984
49887
1980
17990
29418
1985
26000
1991
22566
39709
1997
44751
22572
2003
31997
34002
2008
18007
22578
2014
18013
29435
2020
22583
47745
2025
18019
2031
37756
26022
2037
38007
22595
2043
49424
26028
2048
18036
22601
2054
26034
44008
2060
18042
36520
2065
26040
2071
39726
34024
2077
34271
26045
2083
32025
34030
2088
47706
22623
2094
18064
29469
2100
18070
44014
2105
46512
2111
38206
26062
2117
44869
41020
2123
29057
26068
2128
18087
22646
2134
18093
47435
2140
34047
29486
2145
18099
2151
22658
34053
2157
42145
26085
2163
41034
49035
2168
18116
26091
2174
34059
44111
2180
18122
49254
2185
49371
2191
22681
26102
2197
32071
42160
2203
29091
26108
2208
22692
34635
2214
18144
46019
2220
18150
29521
2225
26120
2231
22703
46021
2237
46085
22709
2243
44030
34082
2248
18167
26131
2254
18173
44241
2260
22721
47022
2265
18179
2271
22726
26142
2277
32100
22732
2283
43044
26148
2288
18196
22738
2294
26154
48885
2300
18202
38076
2305
26160
2311
39778
34104
2317
34354
22755
2323
32117
34110
2328
34360
22761
2334
18224
29572
2340
18230
48509
2345
44042
2351
45532
26182
2357
38087
36389
2363
34363
26188
2368
18247
22783
2374
18253
44048
2380
34127
46234
2385
18259
2391
44047
34133
2397
31777
26205
2403
32145
36401
2408
18276
22806
2414
34139
44055
2420
18282
44054
2425
44052
2431
22818
26222
2437
41085
36412
2443
36127
26228
2448
22829
49373
2454
18304
49939
2460
18310
29623
2465
26240
2471
22841
39812
2477
47401
26245
2483
44059
34162
2488
18327
26251
2494
18333
43317
2500
22858
47777
2505
18339
2511
22863
26262
2517
32191
22869
2523
44809
26268
2528
18356
42207
2534
26274
47040
2540
18362
29658
2545
26280
2551
22886
34184
2557
29245
22892
2563
41108
34190
2568
29251
22898
2574
18384
29675
2580
18390
48024
2585
47409
2591
47123
26302
2597
32220
22915
2603
36663
26308
2608
18407
22921
2614
18413
47731
2620
22926
38156
2625
18419
2631
39846
34213
2637
43095
26325
2643
32237
47043
2648
18436
22943
2654
34219
29709
2660
18442
49259
2665
41123
2671
36403
26342
2677
38167
39651
2683
31885
26348
2688
47042
22966
2694
18464
44088
2700
18470
29726
2705
26360
2711
22978
46061
2717
41132
26365
2723
32265
34242
2728
18487
26371
2734
18493
44095
2740
26377
44094
2745
18499
2751
23001
26382
2757
39875
41140
2763
29337
26388
2768
18516
43357
2774
26394
47469
2780
18522
29761
2785
26400
2791
23023
34264
2797
40965
23029
2803
41154
34270
2808
23035
26411
2814
18544
44194
2820
18550
49681
2825
44943
2831
23046
26422
2837
32311
23052
2843
29371
26428
2848
18567
23058
2854
18573
49366
2860
23063
44112
2865
18579
2871
32323
34293
2877
48057
23075
2883
44110
36538
2888
18596
23081
2894
34299
29812
2900
18602
47062
2905
46057
2911
43135
26462
2917
32340
36549
2923
47058
26468
2928
44115
23103
2934
18624
47791
2940
18630
38236
2945
26480
2951
47426
39915
2957
41314
26485
2963
32357
34322
2968
18647
23126
2974
18653
34571
2980
26497
48074
2985
18659
2991
23138
26502
2997
38247
36572
3003
41183
26508
3008
18676
44129
3014
26514
44128
3020
18682
29863
3025
26520
3031
23161
34344
3037
45407
26525
3043
32385
34350
3048
23172
26531
3054
18704
44135
3060
18710
44134
3065
39737
3071
23183
26542
3077
41205
23189
3083
36316
26548
3088
18727
42458
3094
18733
49640
3100
23201
29898
3105
18739
3111
23206
34373
3117
32051
23212
3123
44139
36606
3128
18756
23218
3134
34379
29915
3140
18762
47486
3145
44978
3151
42311
26582
3157
32431
23235
3163
34634
26588
3168
44144
23241
3174
18784
46099
3180
18790
44152
3185
26600
3191
32443
46101
3197
29525
26605
3203
41228
34402
3208
18807
23263
3214
18813
29949
3220
26617
48053
3225
18819
3231
43418
26622
3237
32460
41231
3243
44243
26628
3248
18836
23286
3254
26634
47445
3260
18842
29966
3265
26640
3271
23298
34424
3277
43186
26645
3283
32477
34430
3288
23309
26651
3294
18864
49284
3300
18870
48908
3305
41243
3311
23321
26662
3317
38327
47449
3323
44137
26668
3328
18887
44169
3334
18893
44168
3340
23338
30001
3345
18899
3351
23343
34453
3357
39796
23349
3363
32505
46177
3368
18916
26691
3374
34459
44175
3380
18922
44174
3385
46604
3391
23366
26702
3397
40012
23372
3403
29617
26708
3408
46657
23378
3414
18944
48589
3420
18950
32537
3425
26720
3431
40018
48766
3437
42357
23395
3443
41274
34482
3448
18967
23401
3454
18973
30052
3460
23406
49941
3465
18979
3471
29645
26742
3477
32551
36709
3483
29651
26748
3488
18996
23423
3494
26754
48731
3500
19002
44192
3505
26760
3511
32563
34504
3517
44916
26765
3523
44190
34510
3528
34754
23446
3534
19024
46733
3540
19030
47102
3545
45641
3551
23458
26782
3557
32580
36732
3563
43232
26788
3568
19047
32594
3574
19053
47820
3580
34527
30103
3585
19059
3591
23481
34533
3597
47148
26805
3603
32597
36743
3608
19076
26811
3614
34539
46671
3620
19082
49283
3625
44202
3631
23503
26822
3637
38407
23509
3643
41303
26828
3648
23515
44209
3654
19104
44208
3660
19110
30138
3665
26840
3671
23526
46141
3677
47771
23532
3683
32625
34562
3688
19127
23538
3694
19133
30155
3700
23543
44214
3705
19139
3711
43354
26862
3717
41325
23555
3723
38429
26868
3728
19156
23561
3734
26874
49685
3740
19162
32657
3745
26880
3751
40086
34584
3757
32297
26885
3763
44219
34590
3768
29777
23583
3774
19184
30189
3780
19190
47521
3785
45046
3791
47149
26902
3797
32671
39897
3803
47155
26908
3808
19207
23606
3814
19213
47120
3820
34607
30206
3825
19219
3831
23618
34613
3837
29805
26925
3843
41348
43505
3848
19236
26931
3854
34619
45678
3860
19242
49945
3865
42434
3871
23641
26942
3877
32700
41351
3883
49651
26948
3888
23652
32714
3894
19264
49912
3900
19270
30241
3905
26960
3911
23663
48925
3917
47485
23669
3923
32717
34642
3928
19287
26971
3934
19293
44964
3940
23681
47837
3945
19299
3951
23686
26982
3957
38487
23692
3963
34577
26988
3968
19316
23698
3974
26994
44248
3980
19322
46762
3985
27000
3991
40138
34664
3997
34900
23715
4003
32745
34670
4008
42457
23721
4014
19344
30292
4020
19350
44254
4025
48891
4031
45043
27022
4037
40149
36869
4043
29897
27028
4048
19367
23743
4054
19373
49737
4060
34687
32777
4065
19379
4071
47849
34693
4077
45665
27045
4083
41394
36881
4088
19396
23766
4094
34699
48115
4100
19402
49868
4105
45081
4111
23778
27062
4117
32791
36892
4123
29931
27068
4128
23789
35252
4134
19424
46179
4140
19430
30343
4145
27080
4151
23801
46181
4157
48761
27085
4163
44270
34722
4168
19447
27091
4174
19453
37114
4180
23818
47142
4185
19459
4191
23823
27102
4197
32820
23829
4203
43324
27108
4208
19476
32834
4214
27114
48567
4220
19482
30378
4225
27120
4231
23846
34744
4237
44998
23852
4243
32837
34750
4248
42493
23858
4254
19504
30395
4260
19510
49686
4265
44282
4271
34991
27142
4277
38567
23875
4283
41423
27148
4288
19527
23881
4294
19533
44288
4300
23886
40357
4305
19539
4311
40206
34773
4317
38749
27165
4323
32865
41440
4328
19556
23903
4334
34779
30429
4340
19562
44294
4345
40017
4351
42505
27182
4357
41445
45109
4363
36687
27188
4368
42514
23926
4374
19584
49288
4380
19590
30446
4385
27200
4391
23938
45007
4397
44906
27205
4403
44299
34802
4408
19607
27211
4414
19613
43585
4420
27217
48400
4425
19619
4431
23961
27222
4437
32911
43356
4443
46795
27228
4448
19636
35355
4454
27234
47160
4460
19642
30481
4465
27240
4471
23983
34824
4477
30085
23989
4483
41468
34830
4488
23995
27251
4494
19664
48629
4500
19670
48104
4505
40051
4511
24006
27262
4517
32940
24012
4523
35080
27268
4528
19687
24018
4534
19693
48756
4540
24023
38636
4545
19699
4551
40258
34853
4557
43375
24035
4563
32957
37018
4568
19716
24041
4574
34859
30532
4580
19722
47865
4585
41483
4591
32617
27302
4597
38647
37029
4603
47558
27308
4608
45748
24063
4614
19744
44328
4620
19750
37240
4625
27320
4631
41497
46221
4637
35111
27325
4643
32985
34882
4648
19767
24086
4654
19773
44335
4660
27337
44334
4665
19779
4671
24098
27342
4677
47876
37052
4683
30177
27348
4688
19796
43625
4694
27354
47572
4700
19802
30583
4705
27360
4711
24121
34904
4717
47522
27365
4723
41514
34910
4728
24132
27371
4734
19824
49585
4740
19830
49294
4745
48178
4751
24143
27382
4757
33031
24149
4763
30211
27388
4768
19847
46820
4774
19853
49592
4780
24161
30618
4785
19859
4791
24166
34933
4797
42580
24172
4803
44350
37086
4808
19876
24178
4814
34939
30635
4820
19882
47182
4825
45761
4831
43415
27422
4837
33060
24195
4843
46710
27428
4848
40125
24201
4854
19904
48789
4860
19910
38716
4865
27440
4871
40326
48413
4877
35194
27445
4883
33077
34962
4888
19927
24223
4894
19933
30669
4900
27457
47537
4905
19939
4911
42605
27462
4917
38727
47484
4923
35203
27468
4928
19956
24246
4934
27474
44368
4940
19962
30686
4945
27480
4951
24258
34984
4957
47223
27485
4963
33105
34990
4968
24269
27491
4974
19984
44375
4980
19990
44374
4985
43436
4991
24281
27502
4997
40355
47589
5003
36876
27508
5008
20007
42766
5014
20013
49975
5020
24298
30721
5025
20019
5031
24303
35013
5037
38926
24309
5043
44379
49647
5048
20036
27531
5054
35019
43677
5060
20042
47897
5065
45183
5071
24326
27542
5077
33151
24332
5083
45089
27548
5088
44384
24338
5094
20064
46259
5100
20070
44392
5105
27560
5111
33163
46261
5117
30365
24355
5123
41588
35042
5128
20087
24361
5134
20093
30772
5140
24366
48133
5145
20099
5151
49212
27582
5157
33180
37189
5163
37383
27588
5168
20116
24383
5174
27594
49077
5180
20122
38796
5185
27600
5191
46851
35064
5197
43466
27605
5203
33197
35070
5208
43472
24406
5214
20144
47242
5220
20150
48954
5225
41603
5231
24418
27622
5237
38807
37212
5243
45716
27628
5248
20167
44409
5254
20173
44408
5260
35087
30823
5265
20179
5271
24441
35093
5277
41612
27645
5283
33225
37223
5288
20196
27651
5294
35099
44415
5300
20202
44414
5305
46333
5311
24463
27662
5317
45212
24469
5323
30457
27668
5328
24475
43717
5334
20224
49085
5340
20230
30858
5345
27680
5351
24486
40429
5357
48127
24492
5363
41634
35122
5368
20247
24498
5374
20253
30875
5380
24503
49994
5385
20259
5391
30485
27702
5397
33271
24515
5403
30491
27708
5408
20276
24521
5414
27714
49401
5420
20282
44432
5425
27720
5431
33283
35144
5437
44509
27725
5443
44430
35150
5448
45129
24543
5454
20304
30909
5460
20310
47222
5465
46805
5471
43506
27742
5477
33300
44436
5483
43512
27748
5488
20327
24566
5494
20333
47911
5500
35167
30926
5505
20339
5511
24578
35173
5517
40417
27765
5523
33317
48150
5528
20356
27771
5534
35179
35411
5540
20362
47571
5545
44442
5551
24601
27782
5557
38887
47567
5563
41663
27788
5568
24612
44449
5574
20384
44448
5580
20390
30961
5585
27800
5591
24623
46301
5597
37243
24629
5603
33345
35202
5608
20407
27811
5614
20413
44455
5620
24641
44454
5625
20419
5631
24646
27822
5637
40492
24652
5643
38909
27828
5648
20436
24658
5654
27834
49539
5660
20442
33377
5665
27840
5671
40498
35224
5677
37274
24675
5683
44459
35230
5688
30617
24681
5694
20464
31012
5700
20470
47623
5705
45851
5711
45156
27862
5717
33391
37349
5723
35474
27868
5728
20487
24703
5734
20493
47240
5740
35247
44472
5745
20499
5751
33403
35253
5757
30645
27885
5763
41708
37361
5768
20516
24726
5774
35259
39332
5780
20522
49541
5785
40331
5791
24738
27902
5797
33420
37372
5803
43657
27908
5808
24749
33434
5814
20544
49396
5820
20550
31063
5825
27920
5831
24761
40532
5837
49395
27925
5843
33437
35282
5848
20567
27931
5854
20573
47586
5860
24778
49310
5865
20579
5871
24783
27942
5877
38967
24789
5883
43531
27948
5888
20596
44489
5894
27954
44488
5900
20602
31098
5905
27960
5911
24806
35304
5917
40356
24812
5923
33465
35310
5928
42771
24818
5934
20624
31115
5940
20630
44494
5945
46792
5951
33137
27982
5957
46900
24835
5963
30737
27988
5968
20647
24841
5974
20653
49613
5980
24846
33497
5985
20659
5991
40566
35333
5997
45184
28005
6003
41754
49617
6008
20676
24863
6014
35339
31149
6020
20682
49662
6025
45286
6031
30765
28022
6037
33511
44585
6043
30771
28028
6048
41757
24886
6054
20704
46339
6060
20710
31166
6065
28040
6071
24898
46341
6077
42791
28045
6083
44510
35362
6088
20727
28051
6094
20733
49900
6100
28057
47262
6105
20739
6111
24921
28062
6117
33540
44516
6123
43604
28068
6128
20756
33554
6134
28074
47940
6140
20762
31201
6145
28080
6151
24943
35384
6157
48204
24949
6163
33557
35390
6168
24955
28091
6174
20784
49324
6180
20790
49204
6185
44522
6191
24966
28102
6197
39047
24972
6203
41783
28108
6208
20807
24978
6214
20813
44528
6220
24983
39441
6225
20819
6231
40618
35413
6237
47606
24995
6243
33585
37498
6248
20836
25001
6254
35419
31252
6260
20842
44534
6265
44532
6271
47904
28142
6277
40629
37509
6283
37247
28148
6288
46815
25023
6294
20864
49740
6300
20870
33617
6305
28160
6311
41811
40635
6317
38847
28165
6323
44539
35442
6328
20887
25046
6334
20893
45904
6340
28177
47658
6345
20899
6351
25058
28182
6357
33631
37532
6363
47318
28188
6368
20916
35972
6374
28194
47280
6380
20922
31303
6385
28200
6391
25081
35464
6397
30925
28205
6403
41828
35470
6408
25092
28211
6414
20944
45918
6420
20950
48184
6425
47317
6431
25103
28222
6437
33660
25109
6443
39277
28228
6448
20967
33674
6454
20973
49668
6460
25121
31338
6465
20979
6471
25126
35493
6477
43655
25132
6483
33677
37566
6488
20996
25138
6494
35499
31355
6500
21002
47957
6505
41843
6511
37514
28262
6517
39127
25155
6523
37511
28268
6528
47282
25161
6534
21024
44568
6540
21030
47378
6545
28280
6551
40686
46381
6557
35740
28285
6563
33705
35522
6568
21047
25183
6574
21053
31389
6580
28297
44574
6585
21059
6591
47613
28302
6597
45349
41860
6603
31017
28308
6608
21076
25206
6614
28314
47675
6620
21082
31406
6625
28320
6631
25218
35544
6637
47326
28325
6643
41874
35550
6648
25229
28331
6654
21104
43777
6660
21110
49963
6665
46445
6671
25241
28342
6677
33751
46844
6683
31051
28348
6688
21127
36075
6694
21133
49322
6700
25258
31441
6705
21139
6711
25263
35573
6717
44476
25269
6723
44590
43041
6728
21156
28371
6734
35579
37834
6740
21162
47302
6745
49097
6751
25286
28382
6757
33780
25292
6763
47298
28388
6768
44595
25298
6774
21184
48647
6780
21190
39196
6785
28400
6791
40738
48860
6797
45278
25315
6803
33797
35602
6808
21207
25321
6814
21213
31492
6820
25326
48983
6825
21219
6831
35831
28422
6837
39207
37669
6843
41903
28428
6848
21236
25343
6854
28434
44608
6860
21242
43933
6865
28440
6871
44607
35624
6877
33491
28445
6883
33825
35630
6888
40367
25366
6894
21264
44615
6900
21270
44614
6905
40577
6911
25378
28462
6917
41925
37692
6923
37436
28468
6928
21287
49023
6934
21293
49328
6940
35647
31543
6945
21299
6951
25401
35653
6957
48988
28485
6963
44619
37703
6968
21316
28491
6974
35659
43945
6980
21322
48698
6985
45971
6991
25423
28502
6997
33871
25429
7003
44705
28508
7008
25435
47685
7014
21344
46419
7020
21350
31578
7025
28520
7031
25446
46421
7037
31205
25452
7043
41948
35682
7048
21367
25458
7054
21373
31595
7060
25463
48213
7065
21379
7071
35914
28542
7077
33900
25475
7083
35920
28548
7088
21396
25481
7094
28554
49903
7100
21402
39276
7105
28560
7111
40806
35704
7117
43746
28565
7123
33917
35710
7128
43752
25503
7134
21424
31629
7140
21430
47985
7145
41963
7151
47266
28582
7157
39287
46983
7163
44535
28588
7168
21447
25526
7174
21453
44648
7180
35727
31646
7185
21459
7191
25538
35733
7197
35951
28605
7203
33945
46491
7208
21476
28611
7214
35739
44655
7220
21482
44654
7225
46884
7231
25561
28622
7237
40835
41980
7243
31297
28628
7248
25572
43985
7254
21504
47709
7260
21510
31681
7265
28640
7271
25583
46931
7277
42985
25589
7283
41994
35762
7288
21527
28651
7294
21533
44740
7300
25601
49334
7305
21539
7311
25606
28662
7317
33991
25612
7323
31331
28668
7328
21556
25618
7334
28674
49332
7340
21562
44672
7345
28680
7351
34003
35784
7357
49788
25635
7363
44670
35790
7368
44001
25641
7374
21584
31732
7380
21590
47342
7385
43003
7391
43786
28702
7397
34020
37829
7403
43792
28708
7408
21607
25663
7414
21613
49005
7420
35807
39356
7425
21619
7431
47964
35813
7437
36034
28725
7443
34037
37841
7448
21636
25686
7454
35819
39523
7460
21642
48447
7465
44682
7471
25698
28742
7477
39367
37852
7483
36043
28748
7488
25709
44689
7494
21664
44688
7500
21670
31783
7505
28760
7511
25721
46461
7517
33737
28765
7523
34065
35842
7528
21687
28771
7534
21693
44695
7540
25738
44694
7545
21699
7551
25743
28782
7557
42045
25749
7563
39389
28788
7568
21716
43178
7574
28794
49965
7580
21722
31818
7585
28800
7591
25766
35864
7597
44592
25772
7603
44699
35870
7608
31457
25778
7614
21744
31835
7620
21750
47726
7625
45458
7631
41891
28822
7637
34111
25795
7643
45369
28828
7648
21767
25801
7654
21773
47360
7660
25806
44712
7665
21779
7671
34123
35893
7677
31485
28845
7683
42068
47028
7688
21796
25823
7694
35899
31869
7700
21802
49131
7705
47689
7711
45445
28862
7717
34140
42071
7723
38103
28868
7728
43060
25846
7734
21824
47977
7740
21830
31886
7745
28880
7751
25858
48020
7757
45380
28885
7763
34157
35922
7768
21847
28891
7774
21853
41086
7780
28897
49339
7785
21859
7791
25881
28902
7797
39447
40771
7803
33845
28908
7808
21876
44729
7814
28914
44728
7820
21882
31921
7825
28920
7831
25903
35944
7837
42092
25909
7843
34185
35950
7848
25915
28931
7854
21904
44735
7860
21910
44734
7865
44817
7871
25926
28942
7877
40972
25932
7883
31577
28948
7888
21927
25938
7894
21933
49504
7900
25943
34217
7905
21939
7911
40978
35973
7917
45395
25955
7923
42114
37978
7928
21956
25961
7934
35979
31972
7940
21962
49836
7945
49116
7951
31605
28982
7957
34231
37989
7963
31611
28988
7968
42117
25983
7974
21984
46499
7980
21990
44752
7985
29000
7991
34243
46501
7997
43963
29005
8003
44750
36002
8008
22007
26006
8014
22013
38194
8020
29017
47382
8025
22019
8031
26018
29022
8037
34260
38012
8043
43884
29028
8048
22036
34274
8054
29034
48031
8060
22042
32023
8065
29040
8071
26041
36024
8077
47420
29045
8083
34277
36030
8088
26052
29051
8094
22064
36251
8100
22070
49716
8105
44762
8111
26063
29062
8117
39527
26069
8123
42143
29068
8128
22087
44769
8134
22093
44768
8140
26081
32058
8145
22099
8151
26086
36053
8157
47037
26092
8163
34305
38046
8168
22116
26098
8174
36059
32075
8180
22122
44774
8185
40857
8191
45424
29102
8197
42165
26115
8203
37807
29108
8208
47718
26121
8214
22144
49680
8220
22150
34337
8225
29120
8231
41046
48314
8237
34011
29125
8243
44779
36082
8248
22167
26143
8254
22173
32109
8260
29137
47761
8265
22179
8271
43151
29142
8277
34351
43916
8283
36314
29148
8288
22196
26166
8294
29154
47400
8300
22202
32126
8305
29160
8311
26178
36104
8317
31765
29165
8323
42188
36110
8328
26189
29171
8334
22224
39949
8340
22230
48264
8345
40891
8351
26201
29182
8357
34380
42191
8363
48898
29188
8368
22247
34394
8374
22253
47725
8380
26218
32161
8385
22259
8391
26223
36133
8397
43935
26229
8403
34397
47403
8408
22276
29211
8414
36139
49452
8420
22282
49028
8425
42203
8431
26246
29222
8437
39607
26252
8443
40716
29228
8448
46108
26258
8454
22304
44808
8460
22310
38320
8465
29240
8471
41098
46541
8477
40916
26275
8483
34425
36162
8488
22327
26281
8494
22333
32212
8500
26286
44814
8505
22339
8511
39407
29262
8517
41109
38149
8523
31857
29268
8528
22356
26303
8534
29274
49518
8540
22362
34457
8545
29280
8551
47498
36184
8557
43197
29285
8563
42234
36190
8568
37916
26326
8574
22384
43205
8580
22390
49784
8585
45561
8591
26338
29302
8597
34471
38172
8603
31891
29308
8608
22407
36692
8614
22413
49154
8620
36207
32263
8625
22419
8631
26361
36213
8637
45476
29325
8643
44830
38183
8648
22436
29331
8654
36219
45637
8660
22442
47422
8665
46121
8671
26383
29342
8677
34500
26389
8683
45483
29348
8688
26395
34514
8694
22464
48060
8700
22470
32298
8705
29360
8711
26406
41149
8717
44917
26412
8723
34517
36242
8728
22487
26418
8734
22493
32315
8740
26423
49923
8745
22499
8751
36460
29382
8757
39687
26435
8763
42263
29388
8768
22516
26441
8774
29394
44848
8780
22522
40058
8785
29400
8791
41166
36264
8797
47044
29405
8803
34545
36270
8808
48278
26463
8814
22544
32349
8820
22550
44854
8825
43996
8831
47375
29422
8837
42285
45589
8843
37996
29428
8848
22567
26486
8854
22573
49906
8860
36287
32366
8865
22579
8871
26498
36293
8877
34257
29445
8883
44859
49446
8888
22596
29451
8894
36299
46144
8900
22602
48716
8905
47114
8911
26521
29462
8917
34591
41017
8923
48758
29468
8928
26532
36795
8934
22624
46579
8940
22630
32401
8945
29480
8951
26543
46581
8957
32045
26549
8963
42308
36322
8968
22647
29491
8974
22653
46158
8980
26561
48293
8985
22659
8991
26566
29502
8997
34620
26572
9003
39905
29508
9008
22676
26578
9014
29514
49255
9020
22682
39756
9025
29520
9031
41218
36344
9037
44026
26595
9043
34637
36350
9048
44032
26601
9054
22704
32452
9060
22710
48077
9065
42323
9071
34331
29542
9077
39767
38309
9083
36291
29548
9088
22727
26623
9094
22733
44888
9100
36367
45683
9105
22739
9111
42337
36373
9117
36580
29565
9123
34665
38321
9128
22756
26646
9134
36379
44895
9140
22762
44894
9145
47483
9151
26658
29582
9157
46651
38332
9163
32137
29588
9168
26669
46173
9174
22784
47812
9180
22790
32503
9185
29600
9191
26681
41252
9197
47065
29605
9203
42354
36402
9208
22807
29611
9214
22813
48748
9220
26698
49757
9225
22819
9231
26703
29622
9237
34711
26709
9243
32171
29628
9248
22836
48384
9254
29634
49043
9260
22842
32538
9265
29640
9271
26726
36424
9277
47404
26732
9283
44910
36430
9288
43549
26738
9294
22864
32555
9300
22870
47462
9305
47757
9311
44066
29662
9317
34740
26755
9323
44072
29668
9328
22887
26761
9334
22893
48727
9340
26766
39836
9345
22899
9351
41286
36453
9357
45558
29685
9363
34757
48310
9368
22916
26783
9374
36459
32589
9380
22922
48297
9385
44922
9391
36671
29702
9397
39847
49169
9403
42383
29708
9408
42385
26806
9414
22944
44928
9420
22950
32606
9425
29720
9431
26818
46621
9437
38354
29725
9443
34785
36482
9448
22967
29731
9454
22973
44935
9460
29737
44934
9465
22979
9471
26841
29742
9477
41315
46205
9483
39869
29748
9488
22996
43486
9494
29754
49368
9500
23002
32641
9505
29760
9511
26863
36504
9517
39820
26869
9523
44939
36510
9528
26875
29771
9534
23024
44305
9540
23030
49642
9545
45663
9551
26886
29782
9557
34831
26892
9563
47197
29788
9568
23047
26898
9574
23053
47480
9580
26903
44952
9585
23059
9591
34843
36533
9597
32325
26915
9603
42428
38458
9608
23076
26921
9614
36539
32692
9620
23082
49581
9625
41171
9631
36754
29822
9637
34860
38469
9643
36760
29828
9648
44847
26943
9654
23104
48340
9660
23110
39916
9665
29840
9671
44323
41355
9677
45591
29845
9683
34877
36562
9688
23127
26966
9694
23133
36777
9700
29857
48105
9705
23139
9711
26978
29862
9717
39927
38492
9723
38434
29868
9728
23156
44969
9734
29874
44968
9740
23162
32743
9745
29880
9751
27001
36584
9757
36791
29885
9763
34905
36590
9768
27012
29891
9774
23184
44975
9780
23190
44974
9785
47072
9791
27023
29902
9797
45692
27029
9803
32417
29908
9808
23207
44345
9814
23213
49375
9820
27041
32778
9825
23219
9831
27046
36613
9837
46708
27052
9843
42474
38526
9848
23236
27058
9854
36619
32795
9860
23242
49374
9865
45698
9871
32445
29942
9877
34951
27075
9883
32451
29948
9888
42477
27081
9894
23264
46659
9900
23270
44992
9905
29960
9911
34963
46661
9917
43420
29965
9923
44990
36642
9928
23287
27103
9934
23293
32829
9940
29977
47502
9945
23299
9951
45620
29982
9957
34980
44996
9963
44164
29988
9968
23316
27126
9974
29994
49863
9980
23322
32846
9985
30000
9991
27138
36664
9997
36874
30005
10003
34997
36670
10008
27149
30011
10014
23344
47886
10020
23350
47817
10025
45002
10031
27161
30022
10037
40007
49042
10043
36883
30028
10048
23367
45009
10054
23373
45008
10060
27178
32881
10065
23379
10071
27183
36693
10077
39807
27189
10083
35025
42520
10088
23396
30051
10094
36699
45015
10100
23402
45014
10105
45012
10111
27206
30062
10117
41452
27212
10123
38367
30068
10128
47095
27218
10134
23424
49732
10140
23430
35057
10145
30080
10151
41458
45700
10157
38560
27235
10163
45019
36722
10168
23447
27241
10174
23453
32932
10180
27246
47863
10185
23459
10191
47811
30102
10197
35071
38629
10203
45649
30108
10208
23476
27263
10214
30114
47520
10220
23482
45032
10225
30120
10231
35083
36744
10237
32605
30125
10243
42548
36750
10248
32611
27286
10254
23504
46278
10260
23510
48344
10265
48394
10271
27298
30142
10277
35100
38652
10283
38823
30148
10288
23527
35114
10294
23533
49724
10300
36767
32983
10305
23539
10311
27321
36773
10317
44215
30165
10323
35117
38663
10328
23556
30171
10334
36779
40240
10340
23562
49074
10345
42563
10351
27343
30182
10357
40087
27349
10363
49533
30188
10368
27355
45049
10374
23584
45048
10380
23590
33018
10385
30200
10391
27366
46701
10397
42572
27372
10403
35145
36802
10408
23607
27378
10414
23613
33035
10420
27383
45054
10425
23619
10431
34851
30222
10437
47836
27395
10443
32697
30228
10448
23636
27401
10454
30234
49645
10460
23642
35177
10465
30240
10471
41526
36824
10477
46755
30245
10483
42594
36830
10488
38476
27423
10494
23664
33069
10500
23670
49983
10505
45766
10511
32725
30262
10517
35191
47124
10523
32731
30268
10528
23687
27446
10534
23693
49796
10540
36847
33086
10545
23699
10551
27458
36853
10557
42451
30285
10563
45070
43658
10568
23716
30291
10574
36859
38914
10580
23722
47542
10585
45596
10591
27481
30302
10597
35220
45076
10603
47538
30308
10608
27492
35234
10614
23744
48151
10620
23750
33121
10625
30320
10631
27503
48158
10637
48586
27509
10643
35237
36882
10648
23767
30331
10654
23773
37091
10660
27521
47851
10665
23779
10671
27526
30342
10677
40167
27532
10683
42623
30348
10688
23796
27538
10694
30354
45088
10700
23802
41705
10705
30360
10711
41578
36904
10717
45763
27555
10723
35265
36910
10728
34965
27561
10734
23824
33172
10740
23830
45094
10745
41417
10751
43557
30382
10757
41589
38789
10763
38556
30388
10768
23847
27583
10774
23853
49883
10780
36927
35297
10785
23859
10791
42651
36933
10797
46249
30405
10803
45099
38801
10808
23876
27606
10814
36939
48162
10820
23882
47898
10825
45801
10831
27618
30422
10837
35311
38812
10843
37154
30428
10848
27629
37412
10854
23904
46739
10860
23910
33223
10865
30440
10871
27641
46741
10877
32885
30445
10883
42668
36962
10888
23927
30451
10894
23933
49486
10900
27658
48373
10905
23939
10911
27663
30462
10917
35340
27669
10923
45794
30468
10928
23956
35354
10934
30474
49846
10940
23962
33258
10945
30480
10951
27686
36984
10957
44306
27692
10963
35357
36990
10968
44312
27698
10974
23984
33275
10980
23990
49390
10985
42683
10991
38800
30502
10997
40247
27715
11003
44397
30508
11008
24007
27721
11014
24013
45128
11020
27726
39040
11025
24019
11031
41646
37013
11037
41476
30525
11043
35385
49203
11048
24036
27743
11054
37019
33309
11060
24042
45134
11065
47164
11071
35097
30542
11077
45829
42700
11083
32977
30548
11088
47601
27766
11094
24064
47915
11100
24070
33326
11105
30560
11111
27778
49072
11117
45744
30565
11123
42714
37042
11128
24087
30571
11134
24093
46355
11140
30577
49702
11145
24099
11151
27801
30582
11157
35431
46813
11163
33011
30588
11168
24116
37515
11174
30594
49828
11180
24122
33361
11185
30600
11191
27823
37064
11197
43631
27829
11203
45150
37070
11208
27835
30611
11214
24144
45905
11220
24150
47582
11225
46361
11231
27846
30622
11237
35460
27852
11243
44352
30628
11248
24167
27858
11254
24173
48180
11260
27863
40316
11265
24179
11271
41698
37093
11277
47275
27875
11283
35477
38938
11288
24196
27881
11294
37099
33412
11300
24202
49698
11305
45162
11311
37300
30662
11317
40327
38949
11323
42743
30668
11328
42745
27903
11334
24224
45168
11340
24230
47284
11345
30680
11351
45167
46781
11357
45072
30685
11363
35505
37122
11368
24247
27926
11374
24253
45175
11380
30697
45174
11385
24259
11391
27938
30702
11397
42765
38972
11403
40349
30708
11408
24276
44577
11414
30714
49847
11420
24282
33463
11425
30720
11431
27961
37144
11437
40156
30725
11443
45179
37150
11448
27972
30731
11454
24304
46384
11460
24310
48796
11465
49240
11471
27983
30742
11477
35551
27989
11483
47631
30748
11488
24327
42883
11494
24333
47600
11500
28001
33498
11505
24339
11511
28006
37173
11517
33165
28012
11523
42788
39006
11528
24356
28018
11534
37179
33515
11540
24362
49412
11545
49114
11551
45798
30782
11557
35580
28035
11563
43693
30788
11568
45796
28041
11574
24384
49478
11580
24390
40396
11585
30800
11591
41766
48972
11597
49476
30805
11603
35597
37202
11608
24407
28063
11614
24413
33549
11620
30817
48197
11625
24419
11631
46329
30822
11637
40407
41611
11643
38980
30828
11648
24436
28086
11654
30834
45208
11660
24442
33566
11665
30840
11671
28098
37224
11677
37420
30845
11683
35625
37230
11688
28109
30851
11694
24464
45215
11700
24470
45214
11705
43720
11711
28121
30862
11717
41795
42820
11723
33257
30868
11728
24487
46413
11734
24493
47949
11740
28138
33601
11745
24499
11751
28143
37253
11757
48955
28149
11763
42834
48811
11768
24516
30891
11774
37259
48837
11780
24522
49954
11785
45903
11791
28166
30902
11797
35671
28172
11803
33291
30908
11808
42837
28178
11814
24544
46819
11820
24550
45232
11825
30920
11831
35683
46821
11837
42697
28195
11843
45230
37282
11848
24567
28201
11854
24573
33652
11860
28206
47622
11865
24579
11871
45831
30942
11877
35700
39109
11883
44444
30948
11888
24596
28223
11894
30954
48807
11900
24602
40476
11905
30960
11911
48435
37304
11917
45838
30965
11923
35717
37310
11928
40625
28246
11934
24624
40634
11940
24630
49103
11945
45242
11951
28258
30982
11957
40487
39132
11963
42863
30988
11968
24647
45249
11974
24653
45248
11980
37327
33703
11985
24659
11991
28281
37333
11997
35451
31005
12003
35745
39143
12008
24676
31011
12014
37339
45255
12020
24682
45254
12025
41697
12031
28303
31022
12037
42885
28309
12043
38927
31028
12048
28315
43898
12054
24704
49408
12060
24710
33738
12065
31040
12071
28326
41869
12077
46367
28332
12083
45259
37362
12088
24727
28338
12094
24733
33755
12100
28343
47966
12105
24739
12111
43780
31062
12117
35791
28355
12123
46893
31068
12128
24756
28361
12134
31074
47640
12140
24762
45272
12145
31080
12151
35803
37384
12157
33445
31085
12163
42908
37390
12168
33451
28383
12174
24784
33789
12180
24790
48424
12185
41731
12191
37594
31102
12197
35820
42911
12203
37600
31108
12208
24807
28406
12214
24813
48829
12220
37407
33806
12225
24819
12231
28418
37413
12237
44495
31125
12243
35837
47643
12248
24836
31131
12254
37419
37617
12260
24842
48225
12265
42923
12271
28441
31142
12277
40567
47677
12283
45186
31148
12288
28452
45289
12294
24864
45288
12300
24870
33841
12305
31160
12311
28463
46861
12317
37631
28469
12323
35865
37442
12328
24887
31171
12334
24893
45295
12340
28481
45294
12345
24899
12351
28486
31182
12357
41932
28492
12363
33537
31188
12368
24916
28498
12374
31194
49415
12380
24922
35897
12385
31200
12391
41938
37464
12397
43825
28515
12403
42954
37470
12408
39036
28521
12414
24944
33892
12420
24950
49414
12425
48486
12431
33565
31222
12437
35911
39269
12443
33571
31228
12448
24967
28543
12454
24973
48977
12460
37487
45312
12465
24979
12471
35923
37493
12477
46925
31245
12483
45310
39281
12488
24996
28566
12494
37499
48684
12500
25002
3
9
43843
15
28578
31262
21
35940
26
32
47270
38
12528
28589
44
12534
49
48995
55
25030
33943
61
31280
66
72
41972
78
37714
31285
84
35957
89
12568
95
31291
12574
101
46927
106
112
48636
118
25059
12591
124
31302
129
40647
135
12603
37723
141
12608
146
152
12614
158
45328
12620
164
33978
169
31320
175
28646
37544
181
35697
186
192
35985
198
12648
39274
204
12654
209
33995
215
25110
45334
221
44556
226
232
31342
238
43005
28675
244
39116
249
12688
255
28681
12694
261
49928
266
272
36017
278
25139
12711
284
37573
289
45244
295
12723
45339
301
12728
306
312
12734
318
34029
12740
324
48001
329
46006
335
47703
31382
341
36031
346
352
45929
358
12768
45344
364
12774
369
46899
375
25190
34046
381
31400
386
392
46901
398
33725
31405
404
43028
409
12808
415
31411
12814
421
46518
426
432
48453
438
25219
12831
444
31422
449
36060
455
12843
39543
461
12848
466
472
12854
478
49874
12860
484
34081
489
31440
495
28783
37624
501
44586
506
512
36077
518
12888
28795
524
12894
529
43145
535
25270
49419
541
43043
546
552
31462
558
40727
28812
564
35805
569
12928
575
28818
12934
581
45368
586
592
48041
598
25299
12951
604
37653
609
43052
615
12963
36105
621
12968
626
632
12974
638
34132
12980
644
45374
649
48484
655
45441
31502
661
42069
666
672
33817
678
13008
49118
684
13014
689
49345
695
25350
36137
701
31520
706
712
42075
718
42925
31525
724
43074
729
13048
735
28886
13054
741
48046
746
752
49840
758
25379
13071
764
31542
769
36151
775
13083
33851
781
13088
786
792
13094
798
49503
13100
804
34183
809
31560
815
28921
37704
821
49871
826
832
45390
838
13128
28932
844
13134
849
39634
855
25430
47702
861
47351
866
872
31582
878
36180
28949
884
44632
889
13168
895
36194
13174
901
48271
906
912
34218
918
25459
13191
924
37733
929
49524
935
13203
36197
941
13208
946
952
13214
958
34235
13220
964
49675
969
45402
975
41956
31622
981
40807
986
992
43103
998
13248
43105
1004
13254
1009
45408
1015
25510
47783
1021
31640
1026
1032
46941
1038
43069
31645
1044
36225
1049
13288
1055
29023
13294
1061
34269
1066
1072
45414
1078
25539
13311
1084
31662
1089
43125
1095
13323
40829
1101
13328
1106
1112
13334
1118
49619
13340
1124
34286
1129
31680
1135
29058
37784
1141
35971
1146
1152
45419
1158
13368
29069
1164
13374
1169
47428
1175
25590
49432
1181
46571
1186
1192
31702
1198
36271
48666
1204
37994
1209
13408
1215
38235
13414
1221
47720
1226
1232
34321
1238
25619
13431
1244
37813
1249
34005
1255
13443
43148
1261
13448
1266
1272
13454
1278
43251
13460
1284
49621
1289
42011
1295
29126
31742
1301
36300
1306
1312
47002
1318
13488
43011
1324
13494
1329
48005
1335
25670
40876
1341
31760
1346
1352
49677
1358
48257
29155
1364
36317
1369
13528
1375
29161
13534
1381
34372
1386
1392
49148
1398
25699
13551
1404
31782
1409
40887
1415
13563
46126
1421
13568
1426
1432
13574
1438
45448
13580
1444
39760
1449
31800
1455
43177
37864
1461
42036
1466
1472
36345
1478
13608
46155
1484
13614
1489
45455
1495
25750
45454
1501
47352
1506
1512
31822
1518
48725
39612
1524
34097
1529
13648
1535
48538
13654
1541
48052
1546
1552
34423
1558
25779
13671
1564
37893
1569
44037
1575
13683
43194
1581
13688
1586
1592
13694
1598
44045
13700
1604
49813
1609
47443
1615
29263
31862
1621
36391
1626
1632
34131
1638
13728
29275
1644
13734
1649
46979
1655
25830
34458
1661
31880
1666
1672
46981
1678
46036
29292
1684
45470
1689
13768
1695
29298
13774
1701
34475
1706
1712
47742
1718
25859
13791
1724
31902
1729
36420
1735
13803
44724
1741
13808
1746
1752
13814
1758
48300
13820
1764
40956
1769
31920
1775
42246
37944
1781
45545
1786
1792
36437
1798
13848
44811
1804
13854
1809
34509
1815
25910
48520
1821
45482
1826
1832
31942
1838
40967
43085
1844
43223
1849
13888
1855
29366
13894
1861
45488
1866
1872
34526
1878
25939
13911
1884
37973
1889
39640
1895
13923
36465
1901
13928
1906
1912
13934
1918
45495
13940
1924
45494
1929
45492
1935
29401
31982
1941
42275
1946
1952
39487
1958
13968
29412
1964
13974
1969
49876
1975
25990
34561
1981
32000
1986
1992
44091
1998
36217
29429
2004
45499
2009
14008
2015
32011
14014
2021
46624
2026
2032
48876
2038
26019
14031
2044
32022
2049
36511
2055
14043
46677
2061
14048
2066
2072
14054
2078
47760
14060
2084
45512
2089
32040
2095
36523
38024
2101
34285
2106
2112
43268
2118
14088
34291
2124
14094
2129
34612
2135
26070
48504
2141
44114
2146
2152
32062
2158
36540
39749
2164
45588
2169
14128
2175
29503
14134
2181
49346
2186
2192
41036
2198
26099
14151
2204
38053
2209
44775
2215
14163
36557
2221
14168
2226
2232
14174
2238
46084
14180
2244
48317
2249
43283
2255
29538
32102
2261
41047
2266
2272
46004
2278
14208
29549
2284
14214
2289
45528
2295
26150
34663
2301
32120
2306
2312
47021
2318
38260
32125
2324
36585
2329
14248
2335
32131
14254
2341
45535
2346
2352
45534
2358
26179
14271
2364
32142
2369
46172
2375
14283
34377
2381
14288
2386
2392
14294
2398
48537
14300
2404
34698
2409
32160
2415
29606
38104
2421
44765
2426
2432
43314
2438
14328
39596
2444
14334
2449
34715
2455
26230
49785
2461
46178
2466
2472
32182
2478
36631
29635
2484
34411
2489
14368
2495
29641
14374
2501
49163
2506
2512
45552
2518
26259
14391
2524
38133
2529
48724
2535
14403
45550
2541
14408
2546
2552
14414
2558
34749
14420
2564
47782
2569
48075
2575
44815
32222
2581
36660
2586
2592
47778
2598
14448
45555
2604
14454
2609
48887
2615
26310
34766
2621
32240
2626
2632
45709
2638
46118
32245
2644
36677
2649
14488
2655
32251
14494
2661
47089
2666
2672
49885
2678
26339
14511
2684
32262
2689
41127
2695
14523
43343
2701
14528
2706
2712
14534
2718
45568
14540
2724
34801
2729
32280
2735
29743
38184
2741
46609
2746
2752
36705
2758
14568
29755
2764
14574
2769
45575
2775
26390
45574
2781
42257
2786
2792
32302
2798
42412
29772
2804
39676
2809
14608
2815
29778
14614
2821
49448
2826
2832
36737
2838
26419
14631
2844
38213
2849
49236
2855
14643
45579
2861
14648
2866
2872
14654
2878
34852
14660
2884
48103
2889
46691
2895
48911
32342
2901
36751
2906
2912
45657
2918
14688
45584
2924
14694
2929
47059
2935
26470
45592
2941
32360
2946
2952
47061
2958
34565
32365
2964
43388
2969
14728
2975
29846
14734
2981
41492
2986
2992
48533
2998
26499
14751
3004
32382
3009
36780
3015
14763
38440
3021
14768
3026
3032
14774
3038
48551
14780
3044
34903
3049
32400
3055
29881
38264
3061
44866
3066
3072
36797
3078
14808
29892
3084
14814
3089
38457
3095
26550
48345
3101
43403
3106
3112
32422
3118
41207
29909
3124
46638
3129
14848
3135
45609
14854
3141
45608
3146
3152
34938
3158
26579
14871
3164
38293
3169
38471
3175
14883
36825
3181
14888
3186
3192
14894
3198
34955
14900
3204
45614
3209
47444
3215
45524
32462
3221
48356
3226
3232
34657
3238
14928
47764
3244
14934
3249
49455
3255
26630
36857
3261
32480
3266
3272
47125
3278
48082
32485
3284
43434
3289
14968
3295
29983
14974
3301
34989
3306
3312
49454
3318
26659
14991
3324
32502
3329
36871
3335
15003
34691
3341
15008
3346
3352
15014
3358
49684
15020
3364
35006
3369
32520
3375
30018
38344
3381
44260
3386
3392
45630
3398
15048
30029
3404
15054
3409
45783
3415
26710
47822
3421
46721
3426
3432
32542
3438
36900
45636
3444
44912
3449
15088
3455
36914
15094
3461
49532
3466
3472
35041
3478
26739
15111
3484
38373
3489
38554
3495
15123
36917
3501
15128
3506
3512
15134
3518
48929
15140
3524
48097
3529
45642
3535
30086
32582
3541
41287
3546
3552
38563
3558
15168
43465
3564
15174
3569
45648
3575
26790
41601
3581
32600
3586
3592
47101
3598
41116
30115
3604
36945
3609
15208
3615
30121
15214
3621
35092
3626
3632
45654
3638
26819
15231
3644
32622
3649
42549
3655
15243
41309
3661
15248
3666
3672
15254
3678
49935
15260
3684
36977
3689
32640
3695
43491
38424
3701
42517
3706
3712
45659
3718
15288
34817
3724
15294
3729
45117
3735
26870
48138
3741
46281
3746
3752
32662
3758
36991
40092
3764
46209
3769
15328
3775
38852
15334
3781
47840
3786
3792
35143
3798
26899
15351
3804
38453
3809
34845
3815
15363
43508
3821
15368
3826
3832
15374
3838
46758
15380
3844
49069
3849
47252
3855
30223
32702
3861
37020
3866
3872
40263
3878
15408
30235
3884
15414
3889
49762
3895
26950
35178
3901
32720
3906
3912
42589
3918
46220
30252
3924
37037
3929
15448
3935
30258
15454
3941
35195
3946
3952
49194
3958
26979
15471
3964
32742
3969
41367
3975
15483
47525
3981
15488
3986
3992
15494
3998
45688
15500
4004
47167
4009
32760
4015
42606
38504
4021
43532
4026
4032
37065
4038
15528
38683
4044
15534
4049
35229
4055
27030
45694
4061
45757
4066
4072
32782
4078
46309
43540
4084
34937
4089
15568
4095
30326
15574
4101
48155
4106
4112
35246
4118
27059
15591
4124
38533
4129
46156
4135
15603
43554
4141
15608
4146
4152
15614
4158
48591
15620
4164
49934
4169
49801
4175
30361
32822
4181
37111
4186
4192
34971
4198
15648
30372
4204
15654
4209
47139
4215
27110
35281
4221
32840
4226
4232
47141
4238
45074
30389
4244
45710
4249
15688
4255
32851
15694
4261
40354
4266
4272
47862
4278
27139
15711
4284
32862
4289
37140
4295
15723
45004
4301
15728
4306
4312
15734
4318
48391
15740
4324
41436
4329
32880
4335
42658
38584
4341
45154
4346
4352
37157
4358
15768
40366
4364
15774
4369
35332
4375
27190
48131
4381
45722
4386
4392
32902
4398
41447
40229
4404
43583
4409
15808
4415
30463
15814
4421
45728
4426
4432
42785
4438
27219
15831
4444
38613
4449
45097
4455
15843
37185
4461
15848
4466
4472
15854
4478
45735
15860
4484
45734
4489
42537
4495
30498
32942
4501
43605
4506
4512
40047
4518
15888
30509
4524
15894
4529
49964
4535
27270
35383
4541
32960
4546
4552
42692
4558
49891
32965
4564
45739
4569
15928
4575
32971
15934
4581
48402
4586
4592
49472
4598
27299
15951
4604
32982
4609
37231
4615
15963
38834
4621
15968
4626
4632
15974
4638
47880
15980
4644
35418
4649
33000
4655
30566
38664
4661
35125
4666
4672
43628
4678
16008
35131
4684
16014
4689
35435
4695
27350
48584
4701
42571
4706
4712
33022
4718
37260
30595
4724
49190
4729
16048
4735
30601
16054
4741
49300
4746
4752
41516
4758
27379
16071
4764
38693
4769
45055
4775
16083
37277
4781
16088
4786
4792
16094
4798
35469
16100
4804
49470
4809
43643
4815
45133
33062
4821
41527
4826
4832
44325
4838
16128
46828
4844
16134
4849
45768
4855
27430
35486
4861
33080
4866
4872
47181
4878
42596
33085
4884
37305
4889
16168
4895
33091
16174
4901
45775
4906
4912
45774
4918
27459
16191
4924
33102
4929
42755
4935
16203
35217
4941
16208
4946
4952
16214
4958
48189
16220
4964
35521
4969
33120
4975
30703
38744
4981
46304
4986
4992
43674
4998
16248
30715
5004
16254
5009
46835
5015
27510
49742
5021
46383
5026
5032
33142
5038
37351
30732
5044
35251
5049
16288
5055
30738
16294
5061
49601
5066
5072
45792
5078
27539
16311
5084
38773
5089
44471
5095
16323
45790
5101
16328
5106
5112
16334
5118
35572
16340
5124
47902
5129
46841
5135
45095
33182
5141
37380
5146
5152
46323
5158
16368
42645
5164
16374
5169
48420
5175
27590
41596
5181
33200
5186
5192
42795
5198
49889
33205
5204
37397
5209
16408
5215
30806
16414
5221
47932
5226
5232
49392
5238
27619
16431
5244
33222
5249
41607
5255
16443
43703
5261
16448
5266
5272
16454
5278
45808
16460
5284
35623
5289
33240
5295
30841
38824
5301
45724
5306
5312
37425
5318
16488
30852
5324
16494
5329
45815
5335
27670
45814
5341
45116
5346
5352
33262
5358
43725
30869
5364
40236
5369
16528
5375
44618
16534
5381
49991
5386
5392
35658
5398
27699
16551
5404
38853
5409
47866
5415
16563
45819
5421
16568
5426
5432
16574
5438
35675
16580
5444
48206
5449
46418
5455
47872
33302
5461
37471
5466
5472
43834
5478
16608
45824
5484
16614
5489
47219
5495
27750
45832
5501
33320
5506
5512
47221
5518
35405
33325
5524
43748
5529
16648
5535
30943
16654
5541
35709
5546
5552
48613
5558
27779
16671
5564
33342
5569
37500
5575
16683
41797
5581
16688
5586
5592
16694
5598
48634
16700
5604
35726
5609
33360
5615
30978
38904
5621
45146
5626
5632
37517
5638
16728
30989
5644
16734
5649
46364
5655
27830
48437
5661
43763
5666
5672
33382
5678
41687
42731
5684
43636
5689
16768
5695
45849
16774
5701
45848
5706
5712
35761
5718
27859
16791
5724
38933
5729
39100
5735
16803
37545
5741
16808
5746
5752
16814
5758
45855
16820
5764
45854
5769
44560
5775
31046
33422
5781
42892
5786
5792
35497
5798
16848
47277
5804
16854
5809
49491
5815
27910
37577
5821
33440
5826
5832
47665
5838
45915
31075
5844
43794
5849
16888
5855
31081
16894
5861
35812
5866
5872
49777
5878
27939
16911
5884
33462
5889
37591
5895
16923
35531
5901
16928
5906
5912
16934
5918
49482
16940
5924
45872
5929
33480
5935
37603
38984
5941
48946
5946
5952
45870
5958
16968
46945
5964
16974
5969
40714
5975
27990
47942
5981
47895
5986
5992
33502
5998
37620
40572
6004
45192
6009
17008
6015
37634
17014
6021
48967
6026
6032
35863
6038
28019
17031
6044
39013
6049
46398
6055
17043
37637
6061
17048
6066
6072
17054
6078
46957
17060
6084
48643
6089
45882
6095
31183
33542
6101
41767
6106
6112
43823
6118
17088
31195
6124
17094
6129
45888
6135
28070
35898
6141
33560
6146
6152
47261
6158
37411
31212
6164
37665
6169
17128
6175
31218
17134
6181
35915
6186
6192
45894
6198
28099
17151
6204
33582
6209
43845
6215
17163
41789
6221
17168
6226
6232
17174
6238
49488
17180
6244
37697
6249
33600
6255
42966
39064
6261
45291
6266
6272
45899
6278
17208
35657
6284
17214
6289
35949
6295
28150
48241
6301
46486
6306
6312
33622
6318
37711
47314
6324
47988
6329
17248
6335
31286
17254
6341
47960
6346
6352
35966
6358
28179
17271
6364
39093
6369
35685
6375
17283
43868
6381
17288
6386
6392
17294
6398
42109
17300
6404
49661
6409
42851
6415
31321
33662
6421
37740
6426
6432
39280
6438
17328
31332
6444
17334
6449
48956
6455
28230
36001
6461
33680
6466
6472
48471
6478
46431
31349
6484
37757
6489
17368
6495
33691
17374
6501
39297
6506
6512
48465
6518
28259
17391
6524
33702
6529
41847
6535
17403
48445
6541
17408
6546
6552
17414
6558
45928
17420
6564
40840
6569
33720
6575
43018
39144
6581
39311
6586
6592
37785
6598
17448
45325
6604
17454
6609
36052
6615
28310
45934
6621
47632
6626
6632
33742
6638
43029
40709
6644
35777
6649
17488
6655
31423
17494
6661
49495
6666
6672
37817
6678
28339
17511
6684
39173
6689
44665
6695
17523
43914
6701
17528
6706
6712
17534
6718
47715
17540
6724
49494
6729
46521
6735
31458
33782
6741
37831
6746
6752
35811
6758
17568
31469
6764
17574
6769
47299
6775
28390
36103
6781
33800
6786
6792
47301
6798
49429
33805
6804
45950
6809
17608
6815
33811
17614
6821
47440
6826
6832
47982
6838
28419
17631
6844
33822
6849
37860
6855
17643
45284
6861
17648
6866
6872
17654
6878
49132
17660
6884
36138
6889
33840
6895
31526
39224
6901
39394
6906
6912
37877
6918
17688
39400
6924
17694
6929
36155
6935
28470
48989
6941
45962
6946
6952
33862
6958
41927
31555
6964
39403
6969
17728
6975
31561
17734
6981
45968
6986
6992
42218
6998
28499
17751
7004
39253
7009
37657
7015
17763
37905
7021
17768
7026
7032
17774
7038
36189
17780
7044
45974
7049
45972
7055
46916
33902
7061
43965
7066
7072
40607
7078
17808
47655
7084
17814
7089
49969
7095
28550
36206
7101
33920
7106
7112
49807
7118
46923
33925
7124
45979
7129
17848
7135
33931
17854
7141
45477
7146
7152
48497
7158
28579
17871
7164
33942
7169
37951
7175
17883
46489
7181
17888
7186
7192
17894
7198
48000
17900
7204
36241
7209
33960
7215
31663
39304
7221
35965
7226
7232
43988
7238
17928
31675
7244
17934
7249
46998
7255
28630
48664
7261
48249
7266
7272
33982
7278
37980
31692
7284
40983
7289
17968
7295
31698
17974
7301
49006
7306
7312
41996
7318
28659
17991
7324
39333
7329
45335
7335
18003
37997
7341
18008
7346
7352
18014
7358
36292
18020
7364
49499
7369
44003
7375
45411
34022
7381
42007
7386
7392
37765
7398
18048
48002
7404
18054
7409
46008
7415
28710
48897
7421
34040
7426
7432
47341
7438
44012
34045
7444
38025
7449
18088
7455
31766
18094
7461
46015
7466
7472
46014
7478
28739
18111
7484
34062
7489
48040
7495
18123
36057
7501
18128
7506
7512
18134
7518
48292
18140
7524
36343
7529
34080
7535
31801
39384
7541
46515
7546
7552
44034
7558
18168
31812
7564
18174
7569
46635
7575
28790
49783
7581
49344
7586
7592
34102
7598
38071
31829
7604
36091
7609
18208
7615
47121
18214
7621
49755
7626
7632
36378
7638
28819
18231
7644
39413
7649
48283
7655
18243
46030
7661
18248
7666
7672
18254
7678
36395
18260
7684
48022
7689
43925
7695
45375
34142
7701
38100
7706
7712
48018
7718
18288
46035
7724
18294
7729
48511
7735
28870
42076
7741
34160
7746
7752
48518
7758
49720
34165
7764
38117
7769
18328
7775
31903
18334
7781
36429
7786
7792
49569
7798
28899
18351
7804
34182
7809
42087
7815
18363
44063
7821
18368
7826
7832
18374
7838
46048
18380
7844
36446
7849
34200
7855
31938
39464
7861
40731
7866
7872
38145
7878
18408
31949
7884
18414
7889
46055
7895
28950
46054
7901
43097
7906
7912
34222
7918
43235
47045
7924
40796
7929
18448
7935
44926
18454
7941
49760
7946
7952
36481
7958
28979
18471
7964
39493
7969
37931
7975
18483
46059
7981
18488
7986
7992
18494
7998
47788
18500
8004
49512
8009
46623
8015
32006
34262
8021
38191
8026
8032
39674
8038
18528
46064
8044
18534
8049
47379
8055
29030
46072
8061
34280
8066
8072
47381
8078
36245
32035
8084
44108
8089
18568
8095
32041
18574
8101
36532
8106
8112
48693
8118
29059
18591
8124
34302
8129
38220
8135
18603
48554
8141
18608
8146
8152
18614
8158
48285
18620
8164
42156
8169
34320
8175
48527
39544
8181
45426
8186
8192
38237
8198
18648
45432
8204
18654
8209
48718
8215
29110
49268
8221
44123
8226
8232
34342
8238
42167
41052
8244
43246
8249
18688
8255
46089
18694
8261
46088
8266
8272
36583
8278
29139
18711
8284
39573
8289
43156
8295
18723
38265
8301
18728
8306
8312
18734
8318
46095
18740
8324
46094
8329
47724
8335
32143
34382
8341
46652
8346
8352
36337
8358
18768
32155
8364
18774
8369
49638
8375
29190
36618
8381
34400
8386
8392
43309
8398
44877
32172
8404
44154
8409
18808
8415
32178
18814
8421
36635
8426
8432
49892
8438
29219
18831
8444
34422
8449
38311
8455
18843
36371
8461
18848
8466
8472
18854
8478
49932
18860
8484
46112
8489
34440
8495
38323
39624
8501
46596
8506
8512
46110
8518
18888
39794
8524
18894
8529
36669
8535
29270
48062
8541
47081
8546
8552
34462
8558
38340
46116
8564
45472
8569
18928
8575
32246
18934
8581
48540
8586
8592
36686
8598
29299
18951
8604
39653
8609
47453
8615
18963
38357
8621
18968
8626
8632
18974
8638
48047
18980
8644
48903
8649
46122
8655
32281
34502
8661
42247
8666
8672
44183
8678
19008
32292
8684
19014
8689
46128
8695
29350
36721
8701
34520
8706
8712
47421
8718
46668
32309
8724
38385
8729
19048
8735
34531
19054
8741
46135
8746
8752
46134
8758
29379
19071
8764
34542
8769
43372
8775
19083
42269
8781
19088
8786
8792
19094
8798
49917
19100
8804
38417
8809
34560
8815
43378
39704
8821
38177
8826
8832
46139
8838
19128
36497
8844
19134
8849
36772
8855
29430
48343
8861
47834
8866
8872
34582
8878
38431
41189
8884
45567
8889
19168
8895
32383
19174
8901
48080
8906
8912
46152
8918
29459
19191
8924
39733
8929
36525
8935
19203
44228
8941
19208
8946
8952
19214
8958
47118
19220
8964
49172
8969
44954
8975
32418
34622
8981
38460
8986
8992
42425
8998
19248
32429
9004
19254
9009
49580
9015
29510
36823
9021
34640
9026
9032
43412
9038
48325
34645
9044
38477
9049
19288
9055
34651
19294
9061
46644
9066
9072
48557
9078
29539
19311
9084
34662
9089
42327
9095
19323
42283
9101
19328
9106
9112
19334
9118
46168
19340
9124
36858
9129
34680
9135
32486
39784
9141
39940
9146
9152
38505
9158
19368
44977
9164
19374
9169
36875
9175
29590
46174
9181
48921
9186
9192
34702
9198
47491
32515
9204
36617
9209
19408
9215
32521
19414
9221
49643
9226
9232
38537
9238
29619
19431
9244
39813
9249
49146
9255
19443
44274
9261
19448
9266
9272
19454
9278
36909
19460
9284
49914
9289
46726
9295
36645
34742
9301
38551
9306
9312
36651
9318
19488
44277
9324
19494
9329
47459
9335
29670
36926
9341
34760
9346
9352
47461
9358
49030
34765
9364
46190
9369
19528
9375
34771
19534
9381
41434
9386
9392
48102
9398
29699
19551
9404
34782
9409
38580
9415
19563
45564
9421
19568
9426
9432
19574
9438
49047
19580
9444
36961
9449
34800
9455
32623
39864
9461
46678
9466
9472
38597
9478
19608
32635
9484
19614
9489
48595
9495
29750
49636
9501
46202
9506
9512
34822
9518
42407
32652
9524
44303
9529
19648
9535
32658
19654
9541
46208
9546
9552
43597
9558
29779
19671
9564
39893
9569
46263
9575
19683
38625
9581
19688
9586
9592
19694
9598
37012
19700
9604
46214
9609
43377
9615
45025
34862
9621
43509
9626
9632
41167
9638
19728
45034
9644
19734
9649
49528
9655
29830
38657
9661
34880
9666
9672
43515
9678
48524
34885
9684
46219
9689
19768
9695
32726
19774
9701
45745
9706
9712
48378
9718
29859
19791
9724
34902
9729
38671
9735
19803
48764
9741
19808
9746
9752
19814
9758
48120
19820
9764
37063
9769
34920
9775
32761
39944
9781
36805
9786
9792
44348
9798
19848
32772
9804
19854
9809
49092
9815
29910
48744
9821
43411
9826
9832
34942
9838
38700
32789
9844
40120
9849
19888
9855
38714
19894
9861
49292
9866
9872
37098
9878
29939
19911
9884
39973
9889
45615
9895
19923
38717
9901
19928
9906
9912
19934
9918
37115
19940
9924
48585
9929
44363
9935
38497
34982
9941
42487
9946
9952
46298
9958
19968
47188
9964
19974
9969
46248
9975
29990
41560
9981
35000
9986
9992
47501
9998
40151
35005
10004
38745
10009
20008
10015
32863
20014
10021
37149
10026
10032
46254
10038
30019
20031
10044
35022
10049
46789
10055
20043
36897
10061
20048
10066
10072
20054
10078
48395
20060
10084
37166
10089
35040
10095
32898
40024
10101
47548
10106
10112
44394
10118
20088
32909
10124
20094
10129
49649
10135
30070
49534
10141
49658
10146
10152
35062
10158
38791
47857
10164
36931
10169
20128
10175
40395
20134
10181
49693
10186
10192
37201
10198
30099
20151
10204
40053
10209
45100
10215
20163
46270
10221
20168
10226
10232
20174
10238
46401
20180
10244
48142
10249
47201
10255
32966
35102
10261
38820
10266
10272
47830
10278
20208
43485
10284
20214
10289
49697
10295
30150
42556
10301
35120
10306
10312
48425
10318
40234
32995
10324
38837
10329
20248
10335
33001
20254
10341
37252
10346
10352
48377
10358
30179
20271
10364
35142
10369
42567
10375
20283
40243
10381
20288
10386
10392
20294
10398
46288
20300
10404
43737
10409
35160
10415
46287
40104
10421
48106
10426
10432
38865
10438
20328
46215
10444
20334
10449
46295
10455
30230
46294
10461
45676
10466
10472
35182
10478
44445
41532
10484
41356
10489
20368
10495
49306
20374
10501
49925
10506
10512
37303
10518
30259
20391
10524
40133
10529
47203
10535
20403
46299
10541
20408
10546
10552
20414
10558
45837
20420
10564
48617
10569
48212
10575
33103
35222
10581
38911
10586
10592
46769
10598
20448
33115
10604
20454
10609
47539
10615
30310
37338
10621
35240
10626
10632
47541
10638
37085
33132
10644
44468
10649
20488
10655
33138
20494
10661
37355
10666
10672
48773
10678
30339
20511
10684
35262
10689
38940
10695
20523
41703
10701
20528
10706
10712
20534
10718
49946
20540
10724
42636
10729
35280
10735
43686
40184
10741
45706
10746
10752
38957
10758
20568
45712
10764
20574
10769
37389
10775
30390
49314
10781
44483
10786
10792
35302
10798
42647
43571
10804
46716
10809
20608
10815
33206
20614
10821
46328
10826
10832
37406
10838
30419
20631
10844
40213
10849
44492
10855
20643
38985
10861
20648
10866
10872
20654
10878
46335
20660
10884
46334
10889
46385
10895
33241
35342
10901
43715
10906
10912
37177
10918
20688
33252
10924
20694
10929
48429
10935
30470
37441
10941
35360
10946
10952
48624
10958
45791
33269
10964
44514
10969
20728
10975
35371
20734
10981
49315
10986
10992
49987
10998
30499
20751
11004
35382
11009
39031
11015
20763
37211
11021
20768
11026
11032
20774
11038
49606
20780
11044
46352
11049
35400
11055
39043
40264
11061
44411
11066
11072
46350
11078
20808
46809
11084
20814
11089
37492
11095
30550
48182
11101
48423
11106
11112
35422
11118
39060
41669
11124
45752
11129
20848
11135
33343
20854
11141
48631
11146
11152
42716
11158
30579
20871
11164
40293
11169
47305
11175
20883
39077
11181
20888
11186
11192
20894
11198
40451
20900
11204
48411
11209
46362
11215
33378
35462
11221
42727
11226
11232
44543
11238
20928
33389
11244
20934
11249
46368
11255
30630
37543
11261
35480
11266
11272
47581
11278
46874
35485
11284
39105
11289
20968
11295
35491
20974
11301
46375
11306
11312
46374
11318
30659
20991
11324
35502
11329
44565
11335
21003
42749
11341
21008
11346
11352
21014
11358
49699
21020
11364
37578
11369
35520
11375
33446
40344
11381
49109
11386
11392
46379
11398
21048
37337
11404
21054
11409
37595
11415
30710
48446
11421
46898
11426
11432
35542
11438
39151
33475
11444
40514
11449
21088
11455
33481
21094
11461
48200
11466
11472
46392
11478
30739
21111
11484
40373
11489
37365
11495
21123
44588
11501
21128
11506
11512
21134
11518
37629
21140
11524
49701
11529
43691
11535
48228
35582
11541
39180
11546
11552
49402
11558
21168
47931
11564
21174
11569
49549
11575
30790
37646
11581
35600
11586
11592
49229
11598
49708
35605
11604
39197
11609
21208
11615
35611
21214
11621
48426
11626
11632
49550
11638
30819
21231
11644
35622
11649
42807
11655
21243
45865
11661
21248
11666
11672
21254
11678
46408
21260
11684
37681
11689
35640
11695
33583
40424
11701
43716
11706
11712
39225
11718
21288
33595
11724
21294
11729
46415
11735
30870
46414
11741
47912
11746
11752
35662
11758
43852
33612
11764
37457
11769
21328
11775
33618
21334
11781
48994
11786
11792
39257
11798
30899
21351
11804
40453
11809
46864
11815
21363
44634
11821
21368
11826
11832
21374
11838
37732
21380
11844
49782
11849
48846
11855
37485
35702
11861
39271
11866
11872
37491
11878
21408
44637
11884
21414
11889
47619
11895
30950
46432
11901
35720
11906
11912
47621
11918
45311
35725
11924
46430
11929
21448
11935
33686
21454
11941
46985
11946
11952
48222
11958
30979
21471
11964
35742
11969
39300
11975
21483
45844
11981
21488
11986
11992
21494
11998
48660
21500
12004
37783
12009
35760
12015
33721
40504
12021
46497
12026
12032
39317
12038
21528
33732
12044
21534
12049
47956
12055
31030
49484
12061
46442
12066
12072
35782
12078
42887
33749
12084
44663
12089
21568
12095
46449
21574
12101
46448
12106
12112
37818
12118
31059
21591
12124
40533
12129
47283
12135
21603
39345
12141
21608
12146
12152
21614
12158
37835
21620
12164
46454
12169
46452
12175
49321
35822
12181
44685
12186
12192
41727
12198
21648
47935
12204
21654
12209
49831
12215
31110
39377
12221
35840
12226
12232
46514
12238
42767
35845
12244
46459
12249
21688
12255
33823
21694
12261
37869
12266
12272
48481
12278
31139
21711
12284
35862
12289
39391
12295
21723
48260
12301
21728
12306
12312
21734
12318
48240
21740
12324
37886
12329
35880
12335
33858
40584
12341
37645
12346
12352
44708
12358
21768
33869
12364
21774
12369
47358
12375
31190
48824
12381
49837
12386
12392
35902
12398
39420
44711
12404
45373
12409
21808
12415
39434
21814
12421
49487
12426
12432
37921
12438
31219
21831
12444
40613
12449
45895
12455
21843
39437
12461
21848
12466
12472
21854
12478
46924
21860
12484
48677
12489
44723
12495
33926
35942
12501
42967
12506
12512
45965
12518
21888
48242
12524
21894
12529
46488
12535
31270
48303
12541
35960
12546
12552
47661
12558
40780
33955
12564
39465
12569
21928
12575
33961
21934
12581
37972
12586
12592
46494
12598
31299
21951
12604
35982
12609
43989
12615
21963
37737
12621
21968
12626
12632
21974
12638
48851
21980
12644
39497
12649
36000
12655
48689
40664
12661
48215
12666
12672
44754
12678
22008
41836
12684
22014
12689
48826
12695
31350
49811
12701
47001
12706
12712
36022
12718
39511
42012
12724
37771
12729
22048
12735
41012
22054
12741
49562
12746
12752
38023
12758
31379
22071
12764
40693
12769
44657
12775
22083
46510
12781
22088
12786
12792
22094
12798
42154
22100
12804
48262
12809
45994
12815
34063
36062
12821
39540
12826
12832
48258
12838
22128
34075
12844
22134
12849
49127
12855
31430
38058
12861
36080
12866
12872
44029
12878
46958
34092
12884
39557
12889
22168
12895
34098
22174
12901
38075
12906
12912
49343
12918
31459
22191
12924
36102
12929
43047
12935
22203
44783
12941
22208
12946
12952
22214
12958
46528
22220
12964
46093
12969
36120
12975
44046
40744
12981
39371
12986
12992
39585
12998
22248
47705
13004
22254
13009
38109
13015
31510
46534
13021
43937
13026
13032
36142
13038
44805
47029
13044
41916
13049
22288
13055
34166
22294
13061
49568
13066
13072
38126
13078
31539
22311
13084
40773
13089
42043
13095
22323
46539
13101
22328
13106
13112
22334
13118
46105
22340
13124
49265
13129
47411
13135
34201
36182
13141
39631
13146
13152
46597
13158
22368
34212
13164
22374
13169
47699
13175
31590
38161
13181
36200
13186
13192
47701
13198
37925
34229
13204
44828
13209
22408
13215
36211
22414
13221
45634
13226
13232
48853
13238
31619
22431
13244
36222
13249
39660
13255
22443
40960
13261
22448
13266
13272
22454
13278
49003
22460
13284
43116
13289
36240
13295
44098
40824
13301
45986
13306
13312
39677
13318
22488
45992
13324
22494
13329
38212
13335
31670
48705
13341
44843
13346
13352
36262
13358
43127
42149
13364
46495
13369
22528
13375
34303
22534
13381
46568
13386
13392
42280
13398
31699
22551
13404
40853
13409
40991
13415
22563
39705
13421
22568
13426
13432
22574
13438
46575
22580
13444
46574
13449
48004
13455
34338
36302
13461
48071
13466
13472
38017
13478
22608
34349
13484
22614
13489
48532
13495
31750
38263
13501
36320
13506
13512
44132
13518
45505
36325
13524
44874
13529
22648
13535
36331
22654
13541
46631
13546
13552
49574
13558
31779
22671
13564
36342
13569
39751
13575
22683
38051
13581
22688
13586
13592
22694
13598
49257
22700
13604
38298
13609
36360
13615
34406
40904
13621
47765
13626
13632
46590
13638
22728
46161
13644
22734
13649
38315
13655
31830
48302
13661
45523
13666
13672
36382
13678
39780
34435
13684
46032
13689
22768
13695
34441
22774
13701
49269
13706
13712
43196
13718
31859
22791
13724
40933
13729
41074
13735
22803
39797
13741
22808
13746
13752
22814
13758
38349
22820
13764
49007
13769
46602
13775
47452
36422
13781
43207
13786
13792
41083
13798
22848
44905
13804
22854
13809
46608
13815
31910
38366
13821
36440
13826
13832
47741
13838
39617
36445
13844
39825
13849
22888
13855
36451
22894
13861
46615
13866
13872
46614
13878
31939
22911
13884
36462
13889
44195
13895
22923
43229
13901
22928
13906
13912
22934
13918
49999
22940
13924
38401
13929
36480
13935
34543
40984
13941
46552
13946
13952
46619
13958
22968
34555
13964
22974
13969
46197
13975
31990
48737
13981
47103
13986
13992
36502
13998
39871
34572
14004
47049
14009
23008
14015
34578
23014
14021
48320
14026
14032
46632
14038
32019
23031
14044
41013
14049
38205
14055
23043
44948
14061
23048
14066
14072
23054
14078
38452
23060
14084
49275
14089
48529
14095
46127
36542
14101
39900
14106
14112
42423
14118
23088
45580
14124
23094
14129
49034
14135
32070
43276
14141
36560
14146
14152
44235
14158
47060
36565
14164
39917
14169
23128
14175
34646
23134
14181
45037
14186
14192
49579
14198
32099
23151
14204
36582
14209
43287
14215
23163
39725
14221
23168
14226
14232
23174
14238
46648
23180
14244
38503
14249
36600
14255
34681
41064
14261
44972
14266
14272
39945
14278
23208
34692
14284
23214
14289
46655
14295
32150
46654
14301
48801
14306
14312
36622
14318
47132
34709
14324
38297
14329
23248
14335
46237
23254
14341
49842
14346
14352
38538
14358
32179
23271
14364
41093
14369
44885
14375
23283
44994
14381
23288
14386
14392
23294
14398
38555
23300
14404
49818
14409
47138
14415
38325
36662
14421
39991
14426
14432
38331
14438
23328
44997
14444
23334
14449
47779
14455
32230
46672
14461
36680
14466
14472
47781
14478
46091
36685
14484
46670
14489
23368
14495
34783
23374
14501
38589
14506
14512
48342
14518
32259
23391
14524
36702
14529
40020
14535
23403
46124
14541
23408
14546
14552
23414
14558
48751
23420
14564
38606
14569
36720
14575
34818
41144
14581
48157
14586
14592
40037
14598
23448
34829
14604
23454
14609
41291
14615
32310
48914
14621
46682
14626
14632
36742
14638
43367
45643
14644
45023
14649
23488
14655
46689
23494
14661
46688
14666
14672
38641
14678
32339
23511
14684
41173
14689
41125
14695
23523
40065
14701
23528
14706
14712
23534
14718
46695
23540
14724
46694
14729
44217
14735
34886
36782
14741
44332
14746
14752
42287
14758
23568
48558
14764
23574
14769
49800
14775
32390
40097
14781
36800
14786
14792
47557
14798
39891
34915
14804
46699
14809
23608
14815
34921
23614
14821
38692
14826
14832
48583
14838
32419
23631
14844
36822
14849
40111
14855
23643
41354
14861
23648
14866
14872
23654
14878
48360
23660
14884
46712
14889
36840
14895
40123
41224
14901
38485
14906
14912
45068
14918
23688
38491
14924
23694
14929
43652
14935
32470
48904
14941
44251
14946
14952
36862
14958
40140
42492
14964
46763
14969
23728
14975
40154
23734
14981
48565
14986
14992
38743
14998
32499
23751
15004
41253
15009
46175
15015
23763
40157
15021
23768
15026
15032
23774
15038
48785
23780
15044
49388
15049
45083
15055
35023
36902
15061
43447
15066
15072
44231
15078
23808
35035
15084
23814
15089
46728
15095
32550
38778
15101
36920
15106
15112
47821
15118
44276
35052
15124
40185
15129
23848
15135
35058
23854
15141
38795
15146
15152
46734
15158
32579
23871
15164
36942
15169
48949
15175
23883
38577
15181
23888
15186
15192
23894
15198
49824
23900
15204
40217
15209
36960
15215
44406
41304
15221
45717
15226
15232
45114
15238
23928
42396
15244
23934
15249
38829
15255
32630
49864
15261
47206
15266
15272
36982
15278
40231
49466
15284
38611
15289
23968
15295
35126
23974
15301
49291
15306
15312
38846
15318
32659
23991
15324
41333
15329
47156
15335
24003
46750
15341
24008
15346
15352
24014
15358
48173
24020
15364
48382
15369
47561
15375
35161
37022
15381
40260
15386
15392
47163
15398
24048
35172
15404
24054
15409
48780
15415
32710
38881
15421
37040
15426
15432
46354
15438
49086
35189
15444
40277
15449
24088
15455
37051
24094
15461
48140
15466
15472
49537
15478
32739
24111
15484
37062
15489
43527
15495
24123
45143
15501
24128
15506
15512
24134
15518
46768
24140
15524
43761
15529
37080
15535
44458
41384
15541
48406
15546
15552
40305
15558
24168
48148
15564
24174
15569
38932
15575
32790
46774
15581
46236
15586
15592
37102
15598
44469
42629
15604
42476
15609
24208
15615
35263
24214
15621
49956
15626
15632
40337
15638
32819
24231
15644
41413
15649
40137
15655
24243
46779
15661
24248
15666
15672
24254
15678
47584
24260
15684
48618
15689
47241
15695
35298
37142
15701
40351
15706
15712
48957
15718
24288
35309
15724
24294
15729
47859
15735
32870
38983
15741
37160
15746
15752
47861
15758
38765
37165
15764
45188
15769
24328
15775
37171
24334
15781
47598
15786
15792
48933
15798
32899
24351
15804
37182
15809
40380
15815
24363
49743
15821
24368
15826
15832
24374
15838
49535
24380
15844
39018
15849
37200
15855
35366
41464
15861
46266
15866
15872
40397
15878
24408
46272
15884
24414
15889
39035
15895
32950
48797
15901
45203
15906
15912
37222
15918
43607
35395
15924
44287
15929
24448
15935
35401
24454
15941
46808
15946
15952
48202
15958
32979
24471
15964
41493
15969
41620
15975
24483
40425
15981
24488
15986
15992
24494
15998
39069
24500
16004
46814
16009
48171
16015
47591
37262
16021
47269
16026
16032
38857
16038
24528
47905
16044
24534
16049
48635
16055
33030
39086
16061
37280
16066
16072
49108
16078
45737
37285
16084
45234
16089
24568
16095
37291
24574
16101
49738
16106
16112
49950
16118
33059
24591
16124
37302
16129
40471
16135
24603
38891
16141
24608
16146
16152
24614
16158
49403
24620
16164
39121
16169
37320
16175
35503
41544
16181
46360
16186
16192
46830
16198
24648
35515
16204
24654
16209
42874
16215
33110
48422
16221
48784
16226
16232
37342
16238
40500
35532
16244
46312
16249
24688
16255
35538
24694
16261
49207
16266
16272
43676
16278
33139
24711
16284
41573
16289
47238
16295
24723
40517
16301
24728
16306
16312
24734
16318
39172
24740
16324
49797
16329
46842
16335
41711
37382
16341
43687
16346
16352
45263
16358
24768
45265
16364
24774
16369
46848
16375
33190
44677
16381
37400
16386
16392
47901
16398
43789
37405
16404
40545
16409
24808
16415
35606
24814
16421
46855
16426
16432
46854
16438
33219
24831
16444
37422
16449
45285
16455
24843
43709
16461
24848
16466
16472
24854
16478
49608
24860
16484
39223
16489
37440
16495
35641
41624
16501
49225
16506
16512
46859
16518
24888
35652
16524
24894
16529
46465
16535
33270
49120
16541
47651
16546
16552
37462
16558
40591
35669
16564
48235
16569
24928
16575
48675
24934
16581
48440
16586
16592
39258
16598
33299
24951
16604
41653
16609
39045
16615
24963
45308
16621
24968
16626
16632
24974
16638
39275
24980
16644
49741
16649
44531
16655
41794
37502
16661
40620
16666
16672
41800
16678
25008
45217
16684
25014
16689
49316
16695
33350
43756
16701
37520
16706
16712
48831
16718
47271
37525
16724
40637
16729
25048
16735
35743
25054
16741
39309
16746
16752
48825
16758
33379
25071
16764
37542
16769
43767
16775
25083
49325
16781
25088
16786
16792
25094
16798
46888
25100
16804
39326
16809
37560
16815
35778
41704
16821
41831
16826
16832
40665
16838
25128
35789
16844
25134
16849
46895
16855
33430
46894
16861
48192
16866
16872
37582
16878
44675
45340
16884
39137
16889
25168
16895
46505
25174
16901
48669
16906
16912
39361
16918
33459
25191
16924
41733
16929
48642
16935
25203
45354
16941
25208
16946
16952
25214
16958
47323
25220
16964
49614
16969
47343
16975
35846
37622
16981
40711
16986
16992
39171
16998
25248
45357
17004
25254
17009
47939
17015
33510
46912
17021
37640
17026
17032
47941
17038
45940
35875
17044
46910
17049
25288
17055
35881
25294
17061
39412
17066
17072
48462
17078
33539
25311
17084
37662
17089
40740
17095
25323
46404
17101
25328
17106
17112
25334
17118
49669
25340
17124
43836
17129
37680
17135
48485
41784
17141
41914
17146
17152
40757
17158
25368
41920
17164
25374
17169
46971
17175
33590
48657
17181
46922
17186
17192
37702
17198
43847
42972
17204
41923
17209
25408
17215
46929
25414
17221
46928
17226
17232
39463
17238
33619
25431
17244
41813
17249
43727
17255
25443
40785
17261
25448
17266
17272
25454
17278
46935
25460
17284
46934
17289
46932
17295
35983
37742
17301
45405
17306
17312
42847
17318
25488
35995
17324
25494
17329
49835
17335
33670
39498
17341
37760
17346
17352
44749
17358
43966
36012
17364
46939
17369
25528
17375
36018
25534
17381
39515
17386
17392
48686
17398
33699
25551
17404
37782
17409
40831
17415
25563
47329
17421
25568
17426
17432
25574
17438
48480
25580
17444
46952
17449
37800
17455
40843
41864
17461
39325
17466
17472
45428
17478
25608
39331
17484
25614
17489
39549
17495
33750
48984
17501
49572
17506
17512
37822
17518
40860
45431
17524
43143
17529
25648
17535
36086
25654
17541
49664
17546
17552
39566
17558
33779
25671
17564
41893
17569
46455
17575
25683
40877
17581
25688
17586
17592
25694
17598
49904
25700
17604
49434
17609
45443
17615
36121
37862
17621
43927
17626
17632
46511
17638
25728
36132
17644
25734
17649
46968
17655
33830
39601
17661
37880
17666
17672
47981
17678
45452
36149
17684
40905
17689
25768
17695
37891
25774
17701
46975
17706
17712
46974
17718
33859
25791
17724
37902
17729
44812
17735
25803
39417
17741
25808
17746
17752
25814
17758
49715
25820
17764
40937
17769
37920
17775
44818
41944
17781
47389
17786
17792
45474
17798
25848
42956
17804
25854
17809
39652
17815
33910
49977
17821
48514
17826
17832
37942
17838
40951
43109
17844
39451
17849
25888
17855
36223
25894
17861
49897
17866
17872
46992
17878
33939
25911
17884
41973
17889
48849
17895
25923
46990
17901
25928
17906
17912
25934
17918
43234
25940
17924
48502
17929
46540
17935
36258
37982
17941
40980
17946
17952
48498
17958
25968
36269
17964
25974
17969
48871
17975
33990
39703
17981
38000
17986
17992
44852
17998
46120
38005
18004
40997
18009
26008
18015
38011
26014
18021
42131
18026
18032
48691
18038
34019
26031
18044
38022
18049
44007
18055
26043
45503
18061
26048
18066
18072
26054
18078
47008
26060
18084
39738
18089
38040
18095
36326
42024
18101
43123
18106
18112
41025
18118
26088
40845
18124
26094
18129
39755
18135
34070
47014
18141
44777
18146
18152
38062
18158
45525
36355
18164
43036
18169
26128
18175
36361
26134
18181
49961
18186
18192
41057
18198
34099
26151
18204
42053
18209
43154
18215
26163
47019
18221
26168
18226
18232
26174
18238
39789
26180
18244
48721
18249
47446
18255
47396
38102
18261
41071
18266
18272
42194
18278
26208
47024
18284
26214
18289
48019
18295
34150
39806
18301
38120
18306
18312
48021
18318
39605
38125
18324
45548
18329
26248
18335
38131
26254
18341
44269
18346
18352
49013
18358
34179
26271
18364
38142
18369
41100
18375
26283
47727
18381
26288
18386
18392
26294
18398
49511
26300
18404
39841
18409
38160
18415
36463
42104
18421
46546
18426
18432
41117
18438
26328
36475
18444
26334
18449
48706
18455
34230
49630
18461
45563
18466
18472
38182
18478
44087
36492
18484
49435
18489
26368
18495
36498
26374
18501
47048
18506
18512
43360
18518
34259
26391
18524
42133
18529
44836
18535
26403
41145
18541
26408
18546
18552
26414
18558
39892
26420
18564
47054
18569
48284
18575
40977
38222
18581
44949
18586
18592
39697
18598
26448
45491
18604
26454
18609
49978
18615
34310
41177
18621
38240
18626
18632
44955
18638
47424
38245
18644
45594
18649
26488
18655
36566
26494
18661
47795
18666
18672
49822
18678
34339
26511
18684
38262
18689
41191
18695
26523
39731
18701
26528
18706
18712
26534
18718
49721
26540
18724
39943
18729
38280
18735
36601
42184
18741
46151
18746
18752
47070
18758
26568
36612
18764
26574
18769
49882
18775
34390
48542
18781
47801
18786
18792
38302
18798
41220
36629
18804
46592
18809
26608
18815
41234
26614
18821
48900
18826
18832
39978
18838
34419
26631
18844
42213
18849
49044
18855
26643
41237
18861
26648
18866
18872
26654
18878
39995
26660
18884
49683
18889
47082
18895
42340
38342
18901
44167
18906
18912
45623
18918
26688
45625
18924
26694
18929
47088
18935
34470
44378
18941
38360
18946
18952
48061
18958
47032
38365
18964
41265
18969
26728
18975
36703
26734
18981
40029
18986
18992
47094
18998
34499
26751
19004
38382
19009
45645
19015
26763
44189
19021
26768
19026
19032
26774
19038
49860
26780
19044
40046
19049
38400
19055
36738
42264
19061
44076
19066
19072
47099
19078
26808
36749
19084
26814
19089
47824
19095
34550
49276
19101
49385
19106
19112
38422
19118
41311
44937
19124
48940
19129
26848
19135
42555
26854
19141
48560
19146
19152
40081
19158
34579
26871
19164
42293
19169
39885
19175
26883
45668
19181
26888
19186
19192
26894
19198
47838
26900
19204
49594
19209
49053
19215
36806
38462
19221
41340
19226
19232
44317
19238
26928
47476
19244
26934
19249
49884
19255
34630
44236
19261
38480
19266
19272
49692
19278
49451
36835
19284
41357
19289
26968
19295
36841
26974
19301
40132
19306
19312
48917
19318
34659
26991
19324
38502
19329
44247
19335
27003
43391
19341
27008
19346
19352
27014
19358
47128
27020
19364
49773
19369
38520
19375
45697
42344
19381
42460
19386
19392
41385
19398
27048
47487
19404
27054
19409
47135
19415
34710
47134
19421
46240
19426
19432
38542
19438
49297
43452
19444
39977
19449
27088
19455
47853
27094
19461
48772
19466
19472
40183
19478
34739
27111
19484
42373
19489
46714
19495
27123
45714
19501
27128
19506
19512
27134
19518
47807
27140
19524
49952
19529
48125
19535
36943
38582
19541
41431
19546
19552
40011
19558
27168
36955
19564
27174
19569
48099
19575
34790
40218
19581
38600
19586
19592
48101
19598
47087
36972
19604
47150
19609
27208
19615
36978
27214
19621
40235
19626
19632
48582
19638
34819
27231
19644
38622
19649
41460
19655
27243
46684
19661
27248
19666
19672
27254
19678
49287
27260
19684
44316
19689
38640
19695
45126
42424
19701
47518
19706
19712
41477
19718
27288
48401
19724
27294
19729
40269
19735
34870
49463
19741
47162
19746
19752
38662
19758
44327
48571
19764
45743
19769
27328
19775
37046
27334
19781
47168
19786
19792
40286
19798
34899
27351
19804
42453
19809
41331
19815
27363
41505
19821
27368
19826
19832
27374
19838
47175
27380
19844
47174
19849
45057
19855
37081
38702
19861
45155
19866
19872
43407
19878
27408
37092
19884
27414
19889
49648
19895
34950
40321
19901
38720
19906
19912
46297
19918
47563
37109
19924
47179
19929
27448
19935
38731
27454
19941
46825
19946
19952
49804
19958
34979
27471
19964
38742
19969
41551
19975
27483
47225
19981
27488
19986
19992
27494
19998
48600
27500
20004
47192
20009
38760
20015
41563
42504
20021
40165
20026
20032
45788
20038
27528
40171
20044
27534
20049
40372
20055
35030
49064
20061
45091
20066
20072
38782
20078
41580
43589
20084
42640
20089
27568
20095
37183
27574
20101
49644
20106
20112
44396
20118
35059
27591
20124
42533
20129
46735
20135
27603
41597
20141
27608
20146
20152
27614
20158
42657
27620
20164
48945
20169
45803
20175
37218
38822
20181
44407
20186
20192
47146
20198
27648
37229
20204
27654
20209
47208
20215
35110
40423
20221
38840
20226
20232
48141
20238
42671
38845
20244
41625
20249
27688
20255
38851
27694
20261
47215
20266
20272
47214
20278
35139
27711
20284
38862
20289
47612
20295
27723
40257
20301
27728
20306
20312
27734
20318
49655
27740
20324
40458
20329
38880
20335
37286
42584
20341
46345
20346
20352
45834
20358
27768
43516
20364
27774
20369
40475
20375
35190
49654
20381
47618
20386
20392
38902
20398
41671
37315
20404
40291
20409
27808
20415
37321
27814
20421
49596
20426
20432
47232
20438
35219
27831
20444
42613
20449
49803
20455
27843
47230
20461
27848
20466
20472
27854
20478
40509
27860
20484
48622
20489
46363
20495
46775
38942
20501
41700
20506
20512
48390
20518
27888
45165
20524
27894
20529
49485
20535
35270
40526
20541
38960
20546
20552
48663
20558
42754
38965
20564
41717
20569
27928
20575
38971
27934
20581
44563
20586
20592
49196
20598
35299
27951
20604
38982
20609
44487
20615
27963
42763
20621
27968
20626
20632
27974
20638
47248
27980
20644
40561
20649
39000
20655
37423
42664
20661
41577
20666
20672
41745
20678
28008
37435
20684
28014
20689
47255
20695
35350
47254
20701
46796
20706
20712
39022
20718
45292
37452
20724
43596
20729
28048
20735
37458
28054
20741
49979
20746
20752
41777
20758
35379
28071
20764
42693
20769
47204
20775
28083
47259
20781
28088
20786
20792
28094
20798
40612
28100
20804
48823
20809
49489
20815
45811
39062
20821
41791
20826
20832
47609
20838
28128
47264
20844
28134
20849
48179
20855
35430
47272
20861
39080
20866
20872
48181
20878
40445
39085
20884
45908
20889
28168
20895
37526
28174
20901
47958
20906
20912
49093
20918
35459
28191
20924
39102
20929
41820
20935
28203
43863
20941
28208
20946
20952
28214
20958
49826
28220
20964
40663
20969
39120
20975
37561
42744
20981
46826
20986
20992
41837
20998
28248
37572
21004
28254
21009
45406
21015
35510
49659
21021
45923
21026
21032
39142
21038
44567
37589
21044
41685
21049
28288
21055
47289
28294
21061
47288
21066
21072
40698
21078
35539
28311
21084
42773
21089
45932
21095
28323
41865
21101
28328
21106
21112
28334
21118
40715
28340
21124
47294
21129
47337
21135
47929
39182
21141
48997
21146
21152
40537
21158
28368
48640
21164
28374
21169
49744
21175
35590
41897
21181
39200
21186
21192
48477
21198
47635
39205
21204
45954
21209
28408
21215
37663
28414
21221
40749
21226
21232
49916
21238
35619
28431
21244
39222
21249
41911
21255
28443
40571
21261
28448
21266
21272
28454
21278
49981
28460
21284
40766
21289
39240
21295
37698
42824
21301
48457
21306
21312
47310
21318
28488
37709
21324
28494
21329
43954
21335
35670
48662
21341
45885
21346
21352
39262
21358
41940
47316
21364
46872
21369
28528
21375
41954
28534
21381
48991
21386
21392
40801
21398
35699
28551
21404
42853
21409
49751
21415
28563
41957
21421
28568
21426
21432
28574
21438
42971
28580
21444
49838
21449
47322
21455
37766
39302
21461
44647
21466
21472
45983
21478
28608
45985
21484
28614
21489
47328
21495
35750
47748
21501
39320
21506
21512
48221
21518
47615
37795
21524
41985
21529
28648
21535
37801
28654
21541
40852
21546
21552
47334
21558
35779
28671
21564
39342
21569
45429
21575
28683
44669
21581
28688
21586
21592
28694
21598
49779
28700
21604
42017
21609
39360
21615
46011
42904
21621
41851
21626
21632
47339
21638
28728
40697
21644
28734
21649
48508
21655
35830
48858
21661
47721
21666
21672
39382
21678
42031
43932
21684
43034
21689
28768
21695
43172
28774
21701
48680
21706
21712
40903
21718
35859
28791
21724
42933
21729
40725
21735
28803
46028
21741
28808
21746
21752
28814
21758
49350
28820
21764
49781
21769
45371
21775
37903
39422
21781
42060
21786
21792
49718
21798
28848
37915
21804
28854
21809
48845
21815
35910
40938
21821
39440
21826
21832
45469
21838
49986
37932
21844
42077
21849
28888
21855
37938
28894
21861
40955
21866
21872
49508
21878
35939
28911
21884
39462
21889
44727
21895
28923
42937
21901
28928
21906
21912
28934
21918
47368
28940
21924
44080
21929
39480
21935
45486
42984
21941
45396
21946
21952
42105
21958
28968
49025
21964
28974
21969
40989
21975
35990
47374
21981
48472
21986
21992
39502
21998
47749
46060
22004
40817
22009
29008
22015
38006
29014
22021
48875
22026
22032
41006
22038
36019
29031
22044
43013
22049
46557
22055
29043
46074
22061
29048
22066
22072
29054
22078
46565
29060
22084
49893
22089
48523
22095
38041
39542
22101
42151
22106
22112
40851
22118
29088
38052
22124
29094
22129
48259
22135
36070
41041
22141
39560
22146
22152
48261
22158
47716
38069
22164
47390
22169
29128
22175
39571
29134
22181
47797
22186
22192
48702
22198
36099
29151
22204
39582
22209
42180
22215
29163
46964
22221
29168
22226
22232
29174
22238
49020
29180
22244
44796
22249
39600
22255
45538
43064
22261
47437
22266
22272
42197
22278
29208
47017
22284
29214
22289
41092
22295
36150
49357
22301
47402
22306
22312
39622
22318
44807
44069
22324
46103
22329
29248
22335
38143
29254
22341
47408
22346
22352
46720
22358
36179
29271
22364
43093
22369
45537
22375
29283
42225
22381
29288
22386
22392
29294
22398
47415
29300
22404
47414
22409
47412
22415
38178
39662
22421
46125
22426
22432
43967
22438
29328
38189
22444
29334
22449
49957
22455
36230
41143
22461
39680
22466
22472
45572
22478
42097
39685
22484
47419
22489
29368
22495
39691
29374
22501
48064
22506
22512
49356
22518
36259
29391
22524
39702
22529
42271
22535
29403
48337
22541
29408
22546
22552
29414
22558
48720
29420
22564
41178
22569
39720
22575
38246
43144
22581
41005
22586
22592
46148
22598
29448
41011
22604
29454
22609
41195
22615
36310
49144
22621
46634
22626
22632
39742
22638
42300
38275
22644
44945
22649
29488
22655
38281
29494
22661
49626
22666
22672
44876
22678
36339
29511
22684
43173
22689
47015
22695
29523
42317
22701
29528
22706
22712
29534
22718
41229
29540
22724
49037
22729
46163
22735
42171
39782
22741
44887
22746
22752
48289
22758
29568
48722
22764
29574
22769
47448
22775
36390
41246
22781
39800
22786
22792
48301
22798
43300
39805
22804
42345
22809
29608
22815
39811
29614
22821
47455
22826
22832
47454
22838
36419
29631
22844
39822
22849
45635
22855
29643
41097
22861
29648
22866
22872
29654
22878
48909
29660
22884
41281
22889
39840
22895
38383
43224
22901
49024
22906
22912
46194
22918
29688
38395
22924
29694
22929
48745
22935
36470
49877
22941
47823
22946
22952
39862
22958
42391
38412
22964
41131
22969
29728
22975
38418
29734
22981
49523
22986
22992
47472
22998
36499
29751
23004
43253
23009
48712
23015
29763
47470
23021
29768
23026
23032
29774
23038
41332
29780
23044
48742
23049
46611
23055
47055
39902
23061
42420
23066
23072
48738
23078
29808
47475
23084
29814
23089
49367
23095
36550
44956
23101
39920
23106
23112
45675
23118
47798
39925
23124
42437
23129
29848
23135
38486
29854
23141
49071
23146
23152
49271
23158
36579
29871
23164
39942
23169
44967
23175
29883
46223
23181
29888
23186
23192
29894
23198
47488
29900
23204
41383
23209
39960
23215
38521
43304
23221
44234
23226
23232
42465
23238
29928
38532
23244
29934
23249
47495
23255
36630
47494
23261
45617
23266
23272
39982
23278
46245
38549
23284
44156
23289
29968
23295
46778
29974
23301
49688
23306
23312
41418
23318
36659
29991
23324
43333
23329
44131
23335
30003
47499
23341
30008
23346
23352
30014
23358
41435
30020
23364
48926
23369
47858
23375
48365
40022
23381
42511
23386
23392
48160
23398
30048
47504
23404
30054
23409
48339
23415
36710
47512
23421
40040
23426
23432
48341
23438
41285
40045
23444
46268
23449
30088
23455
38623
30094
23461
41469
23466
23472
49173
23478
36739
30111
23484
40062
23489
42540
23495
30123
43480
23501
30128
23506
23512
30134
23518
49180
30140
23524
41486
23529
40080
23535
38658
43384
23541
47106
23546
23552
42557
23558
30168
38669
23564
30174
23569
43497
23575
36790
49065
23581
46283
23586
23592
40102
23598
45047
46754
23604
44314
23609
30208
23615
47529
30214
23621
47528
23626
23632
41521
23638
36819
30231
23644
43413
23649
43511
23655
30243
42585
23661
30248
23666
23672
30254
23678
47535
30260
23684
47534
23689
48564
23695
38726
40142
23701
45772
23706
23712
41377
23718
30288
47566
23724
30294
23729
49695
23735
36870
42617
23741
40160
23746
23752
49075
23758
48388
38755
23764
46314
23769
30328
23775
38761
30334
23781
41572
23786
23792
49694
23798
36899
30351
23804
40182
23809
42631
23815
30363
41411
23821
30368
23826
23832
30374
23838
49600
30380
23844
47552
23849
40200
23855
42643
43464
23861
46780
23866
23872
47550
23878
30408
47585
23884
30414
23889
47937
23895
36950
48782
23901
48161
23906
23912
40222
23918
42660
44412
23924
47152
23929
30448
23935
42674
30454
23941
49475
23946
23952
41623
23958
36979
30471
23964
43493
23969
43594
23975
30483
42677
23981
30488
23986
23992
30494
23998
48966
30500
24004
48937
24009
47562
24015
38863
40262
24021
45127
24026
24032
43603
24038
30528
38875
24044
30534
24049
47568
24055
37030
41658
24061
40280
24066
24072
48381
24078
45036
38892
24084
42705
24089
30568
24095
38898
30574
24101
41675
24106
24112
47574
24118
37059
30591
24124
40302
24129
46365
24135
30603
45149
24141
30608
24146
24152
30614
24158
49869
30620
24164
42737
24169
40320
24175
45846
43544
24181
44440
24186
24192
47579
24198
30648
41537
24204
30654
24209
41709
24215
37110
48961
24221
47926
24226
24232
40342
24238
42751
45777
24244
47889
24249
30688
24255
38966
30694
24261
48800
24266
24272
41726
24278
37139
30711
24284
43573
24289
41565
24295
30723
46388
24301
30728
24306
24312
30734
24318
48198
30740
24324
49825
24329
49105
24335
39001
40382
24341
42780
24346
24352
44583
24358
30768
39012
24364
30774
24369
49865
24375
37190
41761
24381
40400
24386
24392
49100
24398
47900
39029
24404
42797
24409
30808
24415
40411
30814
24421
45280
24426
24432
49554
24438
37219
30831
24444
40422
24449
45207
24455
30843
47594
24461
30848
24466
24472
30854
24478
47608
30860
24484
49663
24489
40440
24495
45898
43624
24501
46412
24506
24512
42825
24518
30888
43723
24524
30894
24529
41812
24535
37270
47614
24541
48828
24546
24552
40462
24558
45909
44549
24564
41657
24569
30928
24575
39103
30934
24581
49657
24586
24592
42857
24598
37299
30951
24604
43653
24609
47260
24615
30963
46434
24621
30968
24626
24632
30974
24638
49220
30980
24644
49995
24649
47961
24655
39138
40502
24661
42871
24666
24672
41691
24678
31008
39149
24684
31014
24689
48419
24695
37350
41863
24701
40520
24706
24712
48421
24718
46371
40525
24724
47630
24729
31048
24735
40531
31054
24741
44674
24746
24752
48822
24758
37379
31071
24764
40542
24769
42900
24775
31083
47244
24781
31088
24786
24792
31094
24798
49111
31100
24804
41898
24809
40560
24815
39206
43704
24821
47965
24826
24832
42917
24838
31128
44686
24844
31134
24849
41915
24855
37430
48971
24861
47642
24866
24872
40582
24878
45287
39235
24884
46463
24889
31168
24895
39241
31174
24901
47648
24906
24912
46025
24918
37459
31191
24924
43733
24929
48220
24935
31203
42945
24941
31208
24946
24952
31214
24958
41949
31220
24964
47654
24969
45897
24975
46917
40622
24981
46485
24986
24992
44527
24998
31248
47355
25004
31254
25009
49962
25015
37510
41966
25021
40640
25026
25032
49561
25038
48209
40645
25044
47659
25049
31288
25055
40651
31294
25061
49122
25066
25072
49712
25078
37539
31311
25084
40662
25089
42991
25095
31323
43874
25101
31328
25106
25112
31334
25118
48840
31340
25124
42001
25129
40680
25135
39343
43784
25141
41845
25146
25152
46508
25158
31368
39355
25164
31374
25169
49426
25175
37590
49224
25181
45931
25186
25192
40702
25198
43020
39372
25204
47331
25209
31408
25215
39378
31414
25221
49834
25226
25232
45356
25238
37619
31431
25244
43813
25249
47295
25255
31443
43037
25261
31448
25266
25272
31454
25278
42052
31460
25284
49710
25289
46523
25295
44680
40742
25301
45367
25306
25312
48224
25318
31488
48268
25324
31494
25329
47688
25335
37670
44800
25341
40760
25346
25352
48461
25358
45956
40765
25364
43065
25369
31528
25375
39446
31534
25381
47695
25386
25392
47694
25398
37699
31551
25404
40782
25409
48700
25415
31563
41937
25421
31568
25426
25432
31574
25438
49012
31580
25444
42103
25449
40800
25455
39481
43864
25461
47984
25466
25472
46554
25478
31608
39492
25484
31614
25489
48275
25495
37750
49862
25501
49258
25506
25512
40822
25518
43111
39509
25524
41971
25529
31648
25535
48711
31654
25541
49855
25546
25552
42138
25558
37779
31671
25564
43893
25569
46991
25575
31683
47710
25581
31688
25586
25592
31694
25598
42155
31700
25604
48862
25609
48281
25615
47335
40862
25621
43140
25626
25632
48003
25638
31728
46005
25644
31734
25649
49140
25655
37830
45436
25661
40880
25666
25672
47434
25678
48715
40885
25684
43157
25689
31768
25695
39583
31774
25701
42189
25706
25712
49672
25718
37859
31791
25724
40902
25729
45447
25735
31803
46583
25741
31808
25746
25752
31814
25758
47728
31820
25764
42206
25769
40920
25775
39618
43944
25781
47684
25786
25792
43185
25798
31848
39629
25804
31854
25809
47735
25815
37910
47734
25821
47356
25826
25832
40942
25838
46115
49029
25844
44716
25849
31888
25855
47086
31894
25861
49927
25866
25872
42241
25878
37939
31911
25884
43973
25889
48291
25895
31923
47739
25901
31928
25906
25912
31934
25918
48304
31940
25924
49436
25929
48063
25935
39686
40982
25941
43231
25946
25952
49676
25958
31968
47744
25964
31974
25969
48499
25975
37990
47752
25981
41000
25986
25992
48501
25998
42125
39715
26004
46628
26009
32008
26015
39721
32014
26021
42292
26026
26032
49253
26038
38019
32031
26044
41022
26049
43260
26055
32043
47053
26061
32048
26066
26072
32054
26078
49758
32060
26084
45516
26089
41040
26095
49274
44024
26101
47386
26106
26112
43277
26118
32088
47392
26124
32094
26129
48044
26135
38070
49157
26141
46643
26146
26152
41062
26158
45527
44892
26164
44860
26169
32128
26175
47769
32134
26181
47768
26186
26192
42343
26198
38099
32151
26204
44053
26209
44140
26215
32163
43305
26221
32168
26226
26232
32174
26238
47775
32180
26244
47774
26249
47080
26255
39823
41102
26261
48092
26266
26272
42217
26278
32208
39835
26284
32214
26289
49761
26295
38150
42378
26301
41120
26306
26312
46189
26318
48866
39852
26324
46674
26329
32248
26335
39858
32254
26341
42395
26346
26352
49943
26358
38179
32271
26364
41142
26369
43351
26375
32283
42251
26381
32288
26386
26392
32294
26398
49722
32300
26404
47792
26409
41160
26415
43363
44104
26421
46617
26426
26432
47790
26438
32328
49049
26444
32334
26449
42429
26455
38230
48902
26461
49158
26466
26472
41182
26478
43380
47796
26484
47432
26489
32368
26495
39926
32374
26501
49447
26506
26512
42446
26518
38259
32391
26524
44133
26529
48078
26535
32403
43397
26541
32408
26546
26552
32414
26558
45674
32420
26564
49583
26569
47802
26575
39961
41222
26581
45607
26586
26592
46703
26598
32448
39972
26604
32454
26609
47808
26615
38310
42481
26621
41240
26626
26632
48541
26638
43291
39989
26644
43425
26649
32488
26655
41251
32494
26661
47815
26666
26672
47814
26678
38339
32511
26684
41262
26689
46252
26695
32523
45629
26701
32528
26706
26712
32534
26718
49728
32540
26724
43457
26729
41280
26735
46258
44184
26741
47497
26746
26752
47819
26758
32568
42377
26764
32574
26769
42532
26775
38390
49063
26781
48371
26786
26792
41302
26798
43471
45029
26804
48573
26809
32608
26815
40063
32614
26821
48920
26826
26832
47832
26838
38419
32631
26844
44213
26849
42405
26855
32643
46748
26861
32648
26866
26872
32654
26878
45812
32660
26884
49821
26889
46211
26895
40098
41342
26901
43500
26906
26912
44320
26918
32688
40109
26924
32694
26929
49171
26935
38470
42583
26941
41360
26946
26952
46292
26958
48111
41365
26964
43517
26969
32728
26975
41371
32734
26981
44337
26986
26992
49185
26998
38499
32751
27004
41382
27009
45687
27015
32763
48351
27021
32768
27026
27032
32774
27038
47848
32780
27044
42618
27049
41400
27055
40166
44264
27061
44351
27066
27072
43545
27078
32808
48556
27084
32814
27089
42635
27095
38550
47854
27101
48752
27106
27112
41422
27118
48791
40195
27124
42497
27129
32848
27135
40201
32854
27141
49735
27146
27152
43577
27158
38579
32871
27164
44293
27169
47185
27175
32883
46794
27181
32888
27186
27192
32894
27198
42669
32900
27204
49734
27209
48166
27215
42525
41462
27221
43591
27226
27232
42531
27238
32928
46797
27244
32934
27249
48579
27255
38630
42686
27261
41480
27266
27272
48581
27278
48605
41485
27284
47870
27289
32968
27295
41491
32974
27301
47943
27306
27312
48942
27318
38659
32991
27324
41502
27329
43620
27335
33003
47524
27341
33008
27346
27352
33014
27358
49605
33020
27364
42721
27369
41520
27375
40303
44344
27381
44434
27386
27392
43637
27398
33048
40315
27404
33054
27409
48607
27415
38710
49469
27421
47882
27426
27432
41542
27438
45767
40332
27444
44443
27449
33088
27455
40338
33094
27461
47888
27466
27472
45921
27478
38739
33111
27484
44373
27489
43537
27495
33123
43665
27501
33128
27506
27512
33134
27518
42772
33140
27524
47894
27529
47892
27535
47177
41582
27541
46389
27546
27552
45087
27558
33168
48775
27564
33174
27569
49966
27575
38790
43697
27581
41600
27586
27592
46395
27598
49081
41605
27604
47899
27609
33208
27615
40406
33214
27621
47637
27626
27632
49098
27638
38819
33231
27644
41622
27649
43711
27655
33243
48169
27661
33248
27666
27672
33254
27678
48960
33260
27684
42823
27689
41640
27695
40441
44424
27701
42685
27706
27712
46868
27718
33288
40452
27724
33294
27729
48438
27735
38870
49304
27741
49089
27746
27752
41662
27758
43740
40469
27764
45303
27769
33328
27775
43754
33334
27781
49924
27786
27792
42858
27798
38899
33351
27804
44453
27809
47575
27815
33363
43757
27821
33368
27826
27832
33374
27838
42875
33380
27844
49739
27849
46883
27855
47617
41702
27861
45847
27866
27872
43645
27878
33408
48962
27884
33414
27889
47928
27895
38950
49121
27901
41720
27906
27912
48621
27918
46892
41725
27924
43785
27929
33448
27935
40543
33454
27941
42909
27946
27952
47934
27958
38979
33471
27964
41742
27969
48229
27975
33483
42777
27981
33488
27986
27992
33494
27998
49115
33500
28004
42926
28009
41760
28015
40578
44504
28021
46845
28026
28032
46914
28038
33528
40589
28044
33534
28049
49237
28055
39030
49886
28061
48817
28066
28072
41782
28078
43831
48804
28084
42811
28089
33568
28095
44715
33574
28101
49778
28106
28112
42961
28118
39059
33591
28124
44533
28129
48194
28135
33603
47950
28141
33608
28146
28152
33614
28158
45394
33620
28164
48982
28169
48820
28175
40646
41822
28181
43860
28186
28192
48978
28198
33648
47955
28204
33654
28209
49231
28215
39110
45916
28221
41840
28226
28232
49238
28238
48998
40675
28244
43877
28249
33688
28255
40681
33694
28261
43012
28266
28272
49745
28278
39139
33711
28284
41862
28289
45927
28295
33723
46943
28301
33728
28306
28312
33734
28318
47968
33740
28324
49018
28329
41880
28335
47967
44584
28341
45911
28346
28352
43905
28358
33768
49660
28364
33774
28369
47975
28375
39190
47974
28381
46457
28386
28392
41902
28398
46965
45372
28404
45276
28409
33808
28415
49244
33814
28421
49880
28426
28432
43063
28438
39219
33831
28444
44613
28449
43811
28455
33843
47979
28461
33848
28466
28472
33854
28478
48868
33860
28484
49752
28489
48491
28495
40783
41942
28501
43951
28506
28512
44714
28518
33888
40795
28524
33894
28529
48659
28535
39270
43098
28541
41960
28546
28552
48661
28558
42965
40812
28564
46988
28569
33928
28575
40818
33934
28581
43115
28586
28592
49333
28598
39299
33951
28604
41982
28609
43980
28615
33963
48682
28621
33968
28626
28632
33974
28638
49125
33980
28644
45996
28649
42000
28655
46566
44664
28661
47666
28666
28672
43997
28678
34008
47672
28684
34014
28689
43149
28695
39350
49628
28701
47003
28706
28712
42022
28718
46007
49129
28724
44651
28729
34048
28735
40886
34054
28741
48008
28746
28752
43166
28758
39379
34071
28764
44693
28769
46516
28775
34083
44025
28781
34088
28786
28792
34094
28798
48015
34100
28804
48014
28809
48844
28815
40921
42062
28821
46595
28826
28832
43057
28838
34128
40932
28844
34134
28849
49149
28855
39430
43201
28861
42080
28866
28872
49678
28878
47397
40949
28884
47034
28889
34168
28895
42091
34174
28901
47405
28906
28912
49982
28918
39459
34191
28924
42102
28929
44071
28935
34203
43091
28941
34208
28946
28952
34214
28958
49571
34220
28964
48032
28969
42120
28975
44083
44744
28981
48276
28986
28992
48030
28998
34248
44834
29004
34254
29009
43252
29015
39510
49022
29021
48521
29026
29032
42142
29038
44100
45509
29044
47712
29049
34288
29055
41023
34294
29061
49260
29066
29072
46076
29078
39539
34311
29084
44773
29089
48065
29095
34323
44117
29101
34328
29106
29112
34334
29118
48878
34340
29124
49360
29129
48042
29135
41058
42182
29141
46087
29146
29152
47063
29158
34368
41069
29164
34374
29169
48048
29175
39590
43303
29181
42200
29186
29192
48701
29198
45520
42205
29204
44145
29209
34408
29215
42211
34414
29221
48055
29226
29232
48054
29238
39619
34431
29244
42222
29249
47085
29255
34443
46109
29261
34448
29266
29272
34454
29278
49960
34460
29284
43338
29289
42240
29295
41126
44824
29301
44057
29306
29312
48059
29318
34488
43217
29324
34494
29329
43355
29335
39670
49166
29341
48338
29346
29352
42262
29358
44191
41155
29364
49522
29369
34528
29375
41161
34534
29381
49040
29386
29392
48072
29398
39699
34551
29404
44853
29409
43245
29415
34563
47108
29421
34568
29426
29432
34574
29438
43389
34580
29444
49911
29449
47474
29455
48318
42302
29461
44220
29466
29472
48108
29478
34608
47471
29484
34614
29489
49791
29495
39750
43406
29501
42320
29506
29512
49589
29518
49165
42325
29524
44237
29529
34648
29535
42331
34654
29541
48324
29546
29552
49277
29558
39779
34671
29564
42342
29569
46167
29575
34683
47105
29581
34688
29586
29592
34694
29598
48088
34700
29604
43441
29609
42360
29615
41263
44904
29621
44980
29626
29632
44265
29638
34728
41275
29644
34734
29649
48095
29655
39830
48094
29661
49723
29666
29672
42382
29678
46732
41292
29684
43337
29689
34768
29695
41298
34774
29701
49377
29706
29712
44297
29718
39859
34791
29724
44933
29729
47451
29735
34803
47154
29741
34808
29746
29752
34814
29758
43492
34820
29764
49905
29769
49060
29775
43365
42422
29781
44311
29786
29792
43371
29798
34848
47157
29804
34854
29809
48739
29815
39910
48112
29821
42440
29826
29832
48741
29838
49188
42445
29844
48110
29849
34888
29855
41366
34894
29861
45754
29866
29872
49062
29878
39939
34911
29884
42462
29889
44340
29895
34923
47804
29901
34928
29906
29912
34934
29918
49527
34940
29924
43543
29929
42480
29935
41401
44984
29941
48358
29946
29952
44357
29958
34968
41412
29964
34974
29969
48769
29975
39990
49820
29981
48122
29986
29992
42502
29998
46247
41429
30004
47183
30009
35008
30015
48129
35014
30021
48128
30026
30032
43578
30038
40019
35031
30044
45013
30049
48569
30055
35043
44385
30061
35048
30066
30072
35054
30078
43595
35060
30084
48134
30089
46737
30095
47545
42542
30101
47205
30106
30112
45647
30118
35088
47554
30124
35094
30129
49768
30135
40070
44417
30141
42560
30146
30152
48367
30158
48154
42565
30164
48139
30169
35128
30175
41503
35134
30181
43629
30186
30192
49201
30198
40099
35151
30204
42582
30209
44431
30215
35163
48177
30221
35168
30226
30232
35174
30238
49080
35180
30244
43646
30249
42600
30255
41538
45064
30261
43525
30266
30272
47228
30278
35208
41549
30284
35214
30289
46429
30295
40150
49384
30301
46771
30306
30312
42622
30318
44460
47231
30324
45160
30329
35248
30335
44474
35254
30341
49391
30346
30352
43681
30358
40179
35271
30364
45093
30369
47855
30375
35283
44477
30381
35288
30386
30392
35294
30398
45177
35300
30404
49305
30409
47243
30415
41606
42662
30421
46327
30426
30432
48598
30438
35328
48628
30444
35334
30449
48168
30455
40230
45880
30461
42680
30466
30472
48781
30478
45191
41635
30484
44505
30489
35368
30495
41641
35374
30501
43732
30506
30512
48174
30518
40259
35391
30524
42702
30529
46869
30535
35403
43617
30541
35408
30546
30552
35414
30558
49775
35420
30564
44537
30569
42720
30575
47954
45144
30581
49202
30586
30592
47274
30598
35448
45756
30604
35454
30609
48434
30615
40310
49774
30621
48441
30626
30632
42742
30638
44551
45852
30644
43651
30649
35488
30655
45332
35494
30661
49872
30666
30672
43783
30678
40339
35511
30684
45173
30689
47620
30695
35523
48190
30701
35528
30706
30712
35534
30718
49746
35540
30724
49102
30729
48641
30735
41743
42782
30741
44580
30746
30752
48950
30758
35568
41755
30764
35574
30769
49612
30775
40390
43818
30781
42800
30786
30792
46909
30798
45274
41772
30804
44597
30809
35608
30815
41778
35614
30821
43835
30826
30832
49217
30838
40419
35631
30844
42822
30849
46407
30855
35643
45283
30861
35648
30866
30872
35654
30878
48208
35660
30884
46538
30889
42840
30895
46926
45224
30901
49318
30906
30912
44625
30918
35688
48175
30924
35694
30929
43869
30935
40470
48214
30941
47916
30946
30952
42862
30958
47325
48469
30964
45836
30969
35728
30975
41846
35734
30981
49976
30986
30992
43886
30998
40499
35751
31004
45253
31009
48468
31015
35763
48219
31021
35768
31026
31032
35774
31038
47997
35780
31044
49337
31049
49972
31055
41881
42902
31061
44671
31066
31072
48449
31078
35808
41892
31084
35814
31089
48819
31095
40550
43921
31101
42920
31106
31112
48821
31118
43805
41909
31124
47348
31129
35848
31135
42931
35854
31141
48678
31146
31152
49413
31158
40579
35871
31164
42942
31169
44700
31175
35883
46023
31181
35888
31186
31192
35894
31198
49705
35900
31204
46476
31209
42960
31215
46978
45304
31221
47946
31226
31232
44717
31238
35928
47952
31244
35934
31249
43972
31255
40630
49674
31261
47363
31266
31272
42982
31278
46487
45989
31284
47980
31289
35968
31295
41983
35974
31301
48248
31306
31312
48847
31318
40659
35991
31324
45333
31329
47372
31335
36003
44745
31341
36008
31346
31352
36014
31358
48255
36020
31364
48254
31369
48277
31375
42018
43022
31381
48857
31386
31392
43897
31398
36048
42029
31404
36054
31409
49252
31415
40710
44023
31421
43040
31426
31432
47012
31438
49564
43045
31444
47394
31449
36088
31455
43051
36094
31461
49431
31466
31472
49970
31478
40739
36111
31484
43062
31489
44791
31495
36123
43931
31501
36128
31506
31512
36134
31518
49926
36140
31524
44058
31529
43080
31535
42086
45384
31541
49143
31546
31552
48270
31558
36168
48489
31564
36174
31569
44075
31575
40790
49142
31581
48676
31586
31592
43102
31598
44820
42115
31604
47992
31609
36208
31615
42121
36214
31621
49351
31626
31632
46556
31638
40819
36231
31644
45413
31649
49041
31655
36243
44837
31661
36248
31666
31672
36254
31678
44109
36260
31684
49251
31689
48282
31695
46996
43142
31701
46567
31706
31712
47423
31718
36288
47425
31724
36294
31729
48288
31735
40870
44126
31741
43160
31746
31752
48861
31758
48687
43165
31764
44865
31769
36328
31775
43171
36334
31781
48295
31786
31792
48294
31798
40899
36351
31804
43182
31809
47075
31815
36363
46589
31821
36368
31826
31832
36374
31838
49859
36380
31844
44161
31849
43200
31855
42223
45464
31861
48321
31866
31872
48299
31878
36408
42235
31884
36414
31889
49362
31895
40950
49792
31901
48543
31906
31912
43222
31918
44911
42252
31924
45554
31929
36448
31935
42258
36454
31941
49160
31946
31952
48312
31958
40979
36471
31964
45493
31969
44085
31975
36483
47468
31981
36488
31986
31992
36494
31998
44212
36500
32004
49861
32009
47051
32015
48893
43262
32021
44940
32026
32032
48905
32038
36528
49438
32044
36534
32049
49996
32055
41030
46636
32061
43280
32066
32072
47115
32078
49895
43285
32084
44957
32089
36568
32095
42326
36574
32101
49266
32106
32112
49790
32118
41059
36591
32124
43302
32129
46647
32135
36603
48311
32141
36608
32146
32152
36614
32158
48328
36620
32164
44263
32169
43320
32175
42361
45544
32181
47076
32186
32192
44985
32198
36648
42372
32204
36654
32209
48335
32215
41110
48334
32221
49032
32226
32232
43342
32238
48572
42389
32244
44177
32249
36688
32255
49068
36694
32261
49933
32266
32272
44298
32278
41139
36711
32284
45573
32289
48544
32295
36723
47514
32301
36728
32306
32312
36734
32318
44315
36740
32324
49902
32329
48578
32335
44205
43382
32341
45031
32346
32352
44211
32358
36768
47517
32364
36774
32369
48899
32375
41190
48352
32381
43400
32386
32392
48901
32398
47831
43405
32404
48350
32409
36808
32415
42463
36814
32421
44349
32426
32432
49182
32438
41219
36831
32444
43422
32449
45060
32455
36843
48084
32461
36848
32466
32472
36854
32478
49380
36860
32484
44366
32489
43440
32495
42498
45624
32501
49548
32506
32512
45077
32518
36888
42509
32524
36894
32529
48116
32535
41270
49764
32541
48362
32546
32552
43462
32558
46727
49272
32564
47543
32569
36928
32575
48369
36934
32581
48368
32586
32592
44401
32598
41299
36951
32604
45653
32609
49286
32615
36963
45105
32621
36968
32626
32632
36974
32638
48375
36980
32644
48374
32649
48372
32655
42566
43502
32661
47212
32666
32672
46207
32678
37008
49055
32684
37014
32689
49955
32695
41350
45137
32701
43520
32706
32712
49700
32718
46687
42595
32724
48379
32729
37048
32735
42601
37054
32741
44452
32746
32752
49303
32758
41379
37071
32764
43542
32769
45151
32775
37083
49418
32781
37088
32786
32792
37094
32798
49200
37100
32804
48392
32809
43560
32815
45163
45704
32821
44365
32826
32832
47588
32838
37128
44371
32844
37134
32849
48798
32855
41430
49464
32861
49989
32866
32872
43582
32878
45180
46332
32884
46837
32889
37168
32895
45194
37174
32901
49474
32906
32912
44503
32918
41459
37191
32924
45733
32929
48135
32935
37203
45197
32941
37208
32946
32952
37214
32958
48604
37220
32964
49397
32969
47603
32975
42703
43622
32981
46807
32986
32992
47556
32998
37248
42715
33004
37254
33009
48408
33015
41510
44538
33021
43640
33026
33032
48941
33038
45820
42732
33044
45225
33049
37288
33055
42738
37294
33061
44555
33066
33072
48414
33078
41539
37311
33084
43662
33089
49611
33095
37323
44457
33101
37328
33106
33112
37334
33118
49603
37340
33124
45257
33129
43680
33135
47286
45784
33141
49398
33146
33152
47634
33158
37368
46316
33164
37374
33169
44589
33175
41590
49949
33181
48646
33186
33192
43702
33198
45271
49084
33204
44491
33209
37408
33215
42806
37414
33221
49802
33226
33232
44606
33238
41619
37431
33244
45813
33249
48396
33255
37443
48430
33261
37448
33266
33272
37454
33278
46474
37460
33284
49222
33289
49829
33295
42841
43742
33301
45300
33306
33312
49218
33318
37488
42852
33324
37494
33329
49607
33335
4
10
16
27
33
39
50
56
67
73
79
90
96
107
113
119
130
136
147
153
159
170
176
187
193
199
210
216
227
233
239
250
256
267
273
279
290
296
307
313
319
330
336
347
353
359
370
376
387
393
399
410
416
427
433
439
450
456
467
473
479
490
496
507
513
519
530
536
547
553
559
570
576
587
593
599
610
616
627
633
639
650
656
667
673
679
690
696
707
713
719
730
736
747
753
759
770
776
787
793
799
810
816
827
833
839
850
856
867
873
879
890
896
907
913
919
930
936
947
953
959
970
976
987
993
999
1010
1016
1027
1033
1039
1050
1056
1067
1073
1079
1090
1096
1107
1113
1119
1130
1136
1147
1153
1159
1170
1176
1187
1193
1199
1210
1216
1227
1233
1239
1250
1256
1267
1273
1279
1290
1296
1307
1313
1319
1330
1336
1347
1353
1359
1370
1376
1387
1393
1399
1410
1416
1427
1433
1439
1450
1456
1467
1473
1479
1490
1496
1507
1513
1519
1530
1536
1547
1553
1559
1570
1576
1587
1593
1599
1610
1616
1627
1633
1639
1650
1656
1667
1673
1679
1690
1696
1707
1713
1719
1730
1736
1747
1753
1759
1770
1776
1787
1793
1799
1810
1816
1827
1833
1839
1850
1856
1867
1873
1879
1890
1896
1907
1913
1919
1930
1936
1947
1953
1959
1970
1976
1987
1993
1999
2010
2016
2027
2033
2039
2050
2056
2067
2073
2079
2090
2096
2107
2113
2119
2130
2136
2147
2153
2159
2170
2176
2187
2193
2199
2210
2216
2227
2233
2239
2250
2256
2267
2273
2279
2290
2296
2307
2313
2319
2330
2336
2347
2353
2359
2370
2376
2387
2393
2399
2410
2416
2427
2433
2439
2450
2456
2467
2473
2479
2490
2496
2507
2513
2519
2530
2536
2547
2553
2559
2570
2576
2587
2593
2599
2610
2616
2627
2633
2639
2650
2656
2667
2673
2679
2690
2696
2707
2713
2719
2730
2736
2747
2753
2759
2770
2776
2787
2793
2799
2810
2816
2827
2833
2839
2850
2856
2867
2873
2879
2890
2896
2907
2913
2919
2930
2936
2947
2953
2959
2970
2976
2987
2993
2999
3010
3016
3027
3033
3039
3050
3056
3067
3073
3079
3090
3096
3107
3113
3119
3130
3136
3147
3153
3159
3170
3176
3187
3193
3199
3210
3216
3227
3233
3239
3250
3256
3267
3273
3279
3290
3296
3307
3313
3319
3330
3336
3347
3353
3359
3370
3376
3387
3393
3399
3410
3416
3427
3433
3439
3450
3456
3467
3473
3479
3490
3496
3507
3513
3519
3530
3536
3547
3553
3559
3570
3576
3587
3593
3599
3610
3616
3627
3633
3639
3650
3656
3667
3673
3679
3690
3696
3707
3713
3719
3730
3736
3747
3753
3759
3770
3776
3787
3793
3799
3810
3816
3827
3833
3839
3850
3856
3867
3873
3879
3890
3896
3907
3913
3919
3930
3936
3947
3953
3959
3970
3976
3987
3993
3999
4010
4016
4027
4033
4039
4050
4056
4067
4073
4079
4090
4096
4107
4113
4119
4130
4136
4147
4153
4159
4170
4176
4187
4193
4199
4210
4216
4227
4233
4239
4250
4256
4267
4273
4279
4290
4296
4307
4313
4319
4330
4336
4347
4353
4359
4370
4376
4387
4393
4399
4410
4416
4427
4433
4439
4450
4456
4467
4473
4479
4490
4496
4507
4513
4519
4530
4536
4547
4553
4559
4570
4576
4587
4593
4599
4610
4616
4627
4633
4639
4650
4656
4667
4673
4679
4690
4696
4707
4713
4719
4730
4736
4747
4753
4759
4770
4776
4787
4793
4799
4810
4816
4827
4833
4839
4850
4856
4867
4873
4879
4890
4896
4907
4913
4919
4930
4936
4947
4953
4959
4970
4976
4987
4993
4999
5010
5016
5027
5033
5039
5050
5056
5067
5073
5079
5090
5096
5107
5113
5119
5130
5136
5147
5153
5159
5170
5176
5187
5193
5199
5210
5216
5227
5233
5239
5250
5256
5267
5273
5279
5290
5296
5307
5313
5319
5330
5336
5347
5353
5359
5370
5376
5387
5393
5399
5410
5416
5427
5433
5439
5450
5456
5467
5473
5479
5490
5496
5507
5513
5519
5530
5536
5547
5553
5559
5570
5576
5587
5593
5599
5610
5616
5627
5633
5639
5650
5656
5667
5673
5679
5690
5696
5707
5713
5719
5730
5736
5747
5753
5759
5770
5776
5787
5793
5799
5810
5816
5827
5833
5839
5850
5856
5867
5873
5879
5890
5896
5907
5913
5919
5930
5936
5947
5953
5959
5970
5976
5987
5993
5999
6010
6016
6027
6033
6039
6050
6056
6067
6073
6079
6090
6096
6107
6113
6119
6130
6136
6147
6153
6159
6170
6176
6187
6193
6199
6210
6216
6227
6233
6239
6250
6256
6267
6273
6279
6290
6296
6307
6313
6319
6330
6336
6347
6353
6359
6370
6376
6387
6393
6399
6410
6416
6427
6433
6439
6450
6456
6467
6473
6479
6490
6496
6507
6513
6519
6530
6536
6547
6553
6559
6570
6576
6587
6593
6599
6610
6616
6627
6633
6639
6650
6656
6667
6673
6679
6690
6696
6707
6713
6719
6730
6736
6747
6753
6759
6770
6776
6787
6793
6799
6810
6816
6827
6833
6839
6850
6856
6867
6873
6879
6890
6896
6907
6913
6919
6930
6936
6947
6953
6959
6970
6976
6987
6993
6999
7010
7016
7027
7033
7039
7050
7056
7067
7073
7079
7090
7096
7107
7113
7119
7130
7136
7147
7153
7159
7170
7176
7187
7193
7199
7210
7216
7227
7233
7239
7250
7256
7267
7273
7279
7290
7296
7307
7313
7319
7330
7336
7347
7353
7359
7370
7376
7387
7393
7399
7410
7416
7427
7433
7439
7450
7456
7467
7473
7479
7490
7496
7507
7513
7519
7530
7536
7547
7553
7559
7570
7576
7587
7593
7599
7610
7616
7627
7633
7639
7650
7656
7667
7673
7679
7690
7696
7707
7713
7719
7730
7736
7747
7753
7759
7770
7776
7787
7793
7799
7810
7816
7827
7833
7839
7850
7856
7867
7873
7879
7890
7896
7907
7913
7919
7930
7936
7947
7953
7959
7970
7976
7987
7993
7999
8010
8016
8027
8033
8039
8050
8056
8067
8073
8079
8090
8096
8107
8113
8119
8130
8136
8147
8153
8159
8170
8176
8187
8193
8199
8210
8216
8227
8233
8239
8250
8256
8267
8273
8279
8290
8296
8307
8313
8319
8330
8336
8347
8353
8359
8370
8376
8387
8393
8399
8410
8416
8427
8433
8439
8450
8456
8467
8473
8479
8490
8496
8507
8513
8519
8530
8536
8547
8553
8559
8570
8576
8587
8593
8599
8610
8616
8627
8633
8639
8650
8656
8667
8673
8679
8690
8696
8707
8713
8719
8730
8736
8747
8753
8759
8770
8776
8787
8793
8799
8810
8816
8827
8833
8839
8850
8856
8867
8873
8879
8890
8896
8907
8913
8919
8930
8936
8947
8953
8959
8970
8976
8987
8993
8999
9010
9016
9027
9033
9039
9050
9056
9067
9073
9079
9090
9096
9107
9113
9119
9130
9136
9147
9153
9159
9170
9176
9187
9193
9199
9210
9216
9227
9233
9239
9250
9256
9267
9273
9279
9290
9296
9307
9313
9319
9330
9336
9347
9353
9359
9370
9376
9387
9393
9399
9410
9416
9427
9433
9439
9450
9456
9467
9473
9479
9490
9496
9507
9513
9519
9530
9536
9547
9553
9559
9570
9576
9587
9593
9599
9610
9616
9627
9633
9639
9650
9656
9667
9673
9679
9690
9696
9707
9713
9719
9730
9736
9747
9753
9759
9770
9776
9787
9793
9799
9810
9816
9827
9833
9839
9850
9856
9867
9873
9879
9890
9896
9907
9913
9919
9930
9936
9947
9953
9959
9970
9976
9987
9993
9999
10010
10016
10027
10033
10039
10050
10056
10067
10073
10079
10090
10096
10107
10113
10119
10130
10136
10147
10153
10159
10170
10176
10187
10193
10199
10210
10216
10227
10233
10239
10250
10256
10267
10273
10279
10290
10296
10307
10313
10319
10330
10336
10347
10353
10359
10370
10376
10387
10393
10399
10410
10416
10427
10433
10439
10450
10456
10467
10473
10479
10490
10496
10507
10513
10519
10530
10536
10547
10553
10559
10570
10576
10587
10593
10599
10610
10616
10627
10633
10639
10650
10656
10667
10673
10679
10690
10696
10707
10713
10719
10730
10736
10747
10753
10759
10770
10776
10787
10793
10799
10810
10816
10827
10833
10839
10850
10856
10867
10873
10879
10890
10896
10907
10913
10919
10930
10936
10947
10953
10959
10970
10976
10987
10993
10999
11010
11016
11027
11033
11039
11050
11056
11067
11073
11079
11090
11096
11107
11113
11119
11130
11136
11147
11153
11159
11170
11176
11187
11193
11199
11210
11216
11227
11233
11239
11250
11256
11267
11273
11279
11290
11296
11307
11313
11319
11330
11336
11347
11353
11359
11370
11376
11387
11393
11399
11410
11416
11427
11433
11439
11450
11456
11467
11473
11479
11490
11496
11507
11513
11519
11530
11536
11547
11553
11559
11570
11576
11587
11593
11599
11610
11616
11627
11633
11639
11650
11656
11667
11673
11679
11690
11696
11707
11713
11719
11730
11736
11747
11753
11759
11770
11776
11787
11793
11799
11810
11816
11827
11833
11839
11850
11856
11867
11873
11879
11890
11896
11907
11913
11919
11930
11936
11947
11953
11959
11970
11976
11987
11993
11999
12010
12016
12027
12033
12039
12050
12056
12067
12073
12079
12090
12096
12107
12113
12119
12130
12136
12147
12153
12159
12170
12176
12187
12193
12199
12210
12216
12227
12233
12239
12250
12256
12267
12273
12279
12290
12296
12307
12313
12319
12330
12336
12347
12353
12359
12370
12376
12387
12393
12399
12410
12416
12427
12433
12439
12450
12456
12467
12473
12479
12490
12496
12507
12513
12519
12530
12536
12547
12553
12559
12570
12576
12587
12593
12599
12610
12616
12627
12633
12639
12650
12656
12667
12673
12679
12690
12696
12707
12713
12719
12730
12736
12747
12753
12759
12770
12776
12787
12793
12799
12810
12816
12827
12833
12839
12850
12856
12867
12873
12879
12890
12896
12907
12913
12919
12930
12936
12947
12953
12959
12970
12976
12987
12993
12999
13010
13016
13027
13033
13039
13050
13056
13067
13073
13079
13090
13096
13107
13113
13119
13130
13136
13147
13153
13159
13170
13176
13187
13193
13199
13210
13216
13227
13233
13239
13250
13256
13267
13273
13279
13290
13296
13307
13313
13319
13330
13336
13347
13353
13359
13370
13376
13387
13393
13399
13410
13416
13427
13433
13439
13450
13456
13467
13473
13479
13490
13496
13507
13513
13519
13530
13536
13547
13553
13559
13570
13576
13587
13593
13599
13610
13616
13627
13633
13639
13650
13656
13667
13673
13679
13690
13696
13707
13713
13719
13730
13736
13747
13753
13759
13770
13776
13787
13793
13799
13810
13816
13827
13833
13839
13850
13856
13867
13873
13879
13890
13896
13907
13913
13919
13930
13936
13947
13953
13959
13970
13976
13987
13993
13999
14010
14016
14027
14033
14039
14050
14056
14067
14073
14079
14090
14096
14107
14113
14119
14130
14136
14147
14153
14159
14170
14176
14187
14193
14199
14210
14216
14227
14233
14239
14250
14256
14267
14273
14279
14290
14296
14307
14313
14319
14330
14336
14347
14353
14359
14370
14376
14387
14393
14399
14410
14416
14427
14433
14439
14450
14456
14467
14473
14479
14490
14496
14507
14513
14519
14530
14536
14547
14553
14559
14570
14576
14587
14593
14599
14610
14616
14627
14633
14639
14650
14656
14667
14673
14679
14690
14696
14707
14713
14719
14730
14736
14747
14753
14759
14770
14776
14787
14793
14799
14810
14816
14827
14833
14839
14850
14856
14867
14873
14879
14890
14896
14907
14913
14919
14930
14936
14947
14953
14959
14970
14976
14987
14993
14999
15010
15016
15027
15033
15039
15050
15056
15067
15073
15079
15090
15096
15107
15113
15119
15130
15136
15147
15153
15159
15170
15176
15187
15193
15199
15210
15216
15227
15233
15239
15250
15256
15267
15273
15279
15290
15296
15307
15313
15319
15330
15336
15347
15353
15359
15370
15376
15387
15393
15399
15410
15416
15427
15433
15439
15450
15456
15467
15473
15479
15490
15496
15507
15513
15519
15530
15536
15547
15553
15559
15570
15576
15587
15593
15599
15610
15616
15627
15633
15639
15650
15656
15667
15673
15679
15690
15696
15707
15713
15719
15730
15736
15747
15753
15759
15770
15776
15787
15793
15799
15810
15816
15827
15833
15839
15850
15856
15867
15873
15879
15890
15896
15907
15913
15919
15930
15936
15947
15953
15959
15970
15976
15987
15993
15999
16010
16016
16027
16033
16039
16050
16056
16067
16073
16079
16090
16096
16107
16113
16119
16130
16136
16147
16153
16159
16170
16176
16187
16193
16199
16210
16216
16227
16233
16239
16250
16256
16267
16273
16279
16290
16296
16307
16313
16319
16330
16336
16347
16353
16359
16370
16376
16387
16393
16399
16410
16416
16427
16433
16439
16450
16456
16467
16473
16479
16490
16496
16507
16513
16519
16530
16536
16547
16553
16559
16570
16576
16587
16593
16599
16610
16616
16627
16633
16639
16650
16656
16667
16673
16679
16690
16696
16707
16713
16719
16730
16736
16747
16753
16759
16770
16776
16787
16793
16799
16810
16816
16827
16833
16839
16850
16856
16867
16873
16879
16890
16896
16907
16913
16919
16930
16936
16947
16953
16959
16970
16976
16987
16993
16999
17010
17016
17027
17033
17039
17050
17056
17067
17073
17079
17090
17096
17107
17113
17119
17130
17136
17147
17153
17159
17170
17176
17187
17193
17199
17210
17216
17227
17233
17239
17250
17256
17267
17273
17279
17290
17296
17307
17313
17319
17330
17336
17347
17353
17359
17370
17376
17387
17393
17399
17410
17416
17427
17433
17439
17450
17456
17467
17473
17479
17490
17496
17507
17513
17519
17530
17536
17547
17553
17559
17570
17576
17587
17593
17599
17610
17616
17627
17633
17639
17650
17656
17667
17673
17679
17690
17696
17707
17713
17719
17730
17736
17747
17753
17759
17770
17776
17787
17793
17799
17810
17816
17827
17833
17839
17850
17856
17867
17873
17879
17890
17896
17907
17913
17919
17930
17936
17947
17953
17959
17970
17976
17987
17993
17999
18010
18016
18027
18033
18039
18050
18056
18067
18073
18079
18090
18096
18107
18113
18119
18130
18136
18147
18153
18159
18170
18176
18187
18193
18199
18210
18216
18227
18233
18239
18250
18256
18267
18273
18279
18290
18296
18307
18313
18319
18330
18336
18347
18353
18359
18370
18376
18387
18393
18399
18410
18416
18427
18433
18439
18450
18456
18467
18473
18479
18490
18496
18507
18513
18519
18530
18536
18547
18553
18559
18570
18576
18587
18593
18599
18610
18616
18627
18633
18639
18650
18656
18667
18673
18679
18690
18696
18707
18713
18719
18730
18736
18747
18753
18759
18770
18776
18787
18793
18799
18810
18816
18827
18833
18839
18850
18856
18867
18873
18879
18890
18896
18907
18913
18919
18930
18936
18947
18953
18959
18970
18976
18987
18993
18999
19010
19016
19027
19033
19039
19050
19056
19067
19073
19079
19090
19096
19107
19113
19119
19130
19136
19147
19153
19159
19170
19176
19187
19193
19199
19210
19216
19227
19233
19239
19250
19256
19267
19273
19279
19290
19296
19307
19313
19319
19330
19336
19347
19353
19359
19370
19376
19387
19393
19399
19410
19416
19427
19433
19439
19450
19456
19467
19473
19479
19490
19496
19507
19513
19519
19530
19536
19547
19553
19559
19570
19576
19587
19593
19599
19610
19616
19627
19633
19639
19650
19656
19667
19673
19679
19690
19696
19707
19713
19719
19730
19736
19747
19753
19759
19770
19776
19787
19793
19799
19810
19816
19827
19833
19839
19850
19856
19867
19873
19879
19890
19896
19907
19913
19919
19930
19936
19947
19953
19959
19970
19976
19987
19993
19999
20010
20016
20027
20033
20039
20050
20056
20067
20073
20079
20090
20096
20107
20113
20119
20130
20136
20147
20153
20159
20170
20176
20187
20193
20199
20210
20216
20227
20233
20239
20250
20256
20267
20273
20279
20290
20296
20307
20313
20319
20330
20336
20347
20353
20359
20370
20376
20387
20393
20399
20410
20416
20427
20433
20439
20450
20456
20467
20473
20479
20490
20496
20507
20513
20519
20530
20536
20547
20553
20559
20570
20576
20587
20593
20599
20610
20616
20627
20633
20639
20650
20656
20667
20673
20679
20690
20696
20707
20713
20719
20730
20736
20747
20753
20759
20770
20776
20787
20793
20799
20810
20816
20827
20833
20839
20850
20856
20867
20873
20879
20890
20896
20907
20913
20919
20930
20936
20947
20953
20959
20970
20976
20987
20993
20999
21010
21016
21027
21033
21039
21050
21056
21067
21073
21079
21090
21096
21107
21113
21119
21130
21136
21147
21153
21159
21170
21176
21187
21193
21199
21210
21216
21227
21233
21239
21250
21256
21267
21273
21279
21290
21296
21307
21313
21319
21330
21336
21347
21353
21359
21370
21376
21387
21393
21399
21410
21416
21427
21433
21439
21450
21456
21467
21473
21479
21490
21496
21507
21513
21519
21530
21536
21547
21553
21559
21570
21576
21587
21593
21599
21610
21616
21627
21633
21639
21650
21656
21667
21673
21679
21690
21696
21707
21713
21719
21730
21736
21747
21753
21759
21770
21776
21787
21793
21799
21810
21816
21827
21833
21839
21850
21856
21867
21873
21879
21890
21896
21907
21913
21919
21930
21936
21947
21953
21959
21970
21976
21987
21993
21999
22010
22016
22027
22033
22039
22050
22056
22067
22073
22079
22090
22096
22107
22113
22119
22130
22136
22147
22153
22159
22170
22176
22187
22193
22199
22210
22216
22227
22233
22239
22250
22256
22267
22273
22279
22290
22296
22307
22313
22319
22330
22336
22347
22353
22359
22370
22376
22387
22393
22399
22410
22416
22427
22433
22439
22450
22456
22467
22473
22479
22490
22496
22507
22513
22519
22530
22536
22547
22553
22559
22570
22576
22587
22593
22599
22610
22616
22627
22633
22639
22650
22656
22667
22673
22679
22690
22696
22707
22713
22719
22730
22736
22747
22753
22759
22770
22776
22787
22793
22799
22810
22816
22827
22833
22839
22850
22856
22867
22873
22879
22890
22896
22907
22913
22919
22930
22936
22947
22953
22959
22970
22976
22987
22993
22999
23010
23016
23027
23033
23039
23050
23056
23067
23073
23079
23090
23096
23107
23113
23119
23130
23136
23147
23153
23159
23170
23176
23187
23193
23199
23210
23216
23227
23233
23239
23250
23256
23267
23273
23279
23290
23296
23307
23313
23319
23330
23336
23347
23353
23359
23370
23376
23387
23393
23399
23410
23416
23427
23433
23439
23450
23456
23467
23473
23479
23490
23496
23507
23513
23519
23530
23536
23547
23553
23559
23570
23576
23587
23593
23599
23610
23616
23627
23633
23639
23650
23656
23667
23673
23679
23690
23696
23707
23713
23719
23730
23736
23747
23753
23759
23770
23776
23787
23793
23799
23810
23816
23827
23833
23839
23850
23856
23867
23873
23879
23890
23896
23907
23913
23919
23930
23936
23947
23953
23959
23970
23976
23987
23993
23999
24010
24016
24027
24033
24039
24050
24056
24067
24073
24079
24090
24096
24107
24113
24119
24130
24136
24147
24153
24159
24170
24176
24187
24193
24199
24210
24216
24227
24233
24239
24250
24256
24267
24273
24279
24290
24296
24307
24313
24319
24330
24336
24347
24353
24359
24370
24376
24387
24393
24399
24410
24416
24427
24433
24439
24450
24456
24467
24473
24479
24490
24496
24507
24513
24519
24530
24536
24547
24553
24559
24570
24576
24587
24593
24599
24610
24616
24627
24633
24639
24650
24656
24667
24673
24679
24690
24696
24707
24713
24719
24730
24736
24747
24753
24759
24770
24776
24787
24793
24799
24810
24816
24827
24833
24839
24850
24856
24867
24873
24879
24890
24896
24907
24913
24919
24930
24936
24947
24953
24959
24970
24976
24987
24993
24999
25010
25016
25027
25033
25039
25050
25056
25067
25073
25079
25090
25096
25107
25113
25119
25130
25136
25147
25153
25159
25170
25176
25187
25193
25199
25210
25216
25227
25233
25239
25250
25256
25267
25273
25279
25290
25296
25307
25313
25319
25330
25336
25347
25353
25359
25370
25376
25387
25393
25399
25410
25416
25427
25433
25439
25450
25456
25467
25473
25479
25490
25496
25507
25513
25519
25530
25536
25547
25553
25559
25570
25576
25587
25593
25599
25610
25616
25627
25633
25639
25650
25656
25667
25673
25679
25690
25696
25707
25713
25719
25730
25736
25747
25753
25759
25770
25776
25787
25793
25799
25810
25816
25827
25833
25839
25850
25856
25867
25873
25879
25890
25896
25907
25913
25919
25930
25936
25947
25953
25959
25970
25976
25987
25993
25999
26010
26016
26027
26033
26039
26050
26056
26067
26073
26079
26090
26096
26107
26113
26119
26130
26136
26147
26153
26159
26170
26176
26187
26193
26199
26210
26216
26227
26233
26239
26250
26256
26267
26273
26279
26290
26296
26307
26313
26319
26330
26336
26347
26353
26359
26370
26376
26387
26393
26399
26410
26416
26427
26433
26439
26450
26456
26467
26473
26479
26490
26496
26507
26513
26519
26530
26536
26547
26553
26559
26570
26576
26587
26593
26599
26610
26616
26627
26633
26639
26650
26656
26667
26673
26679
26690
26696
26707
26713
26719
26730
26736
26747
26753
26759
26770
26776
26787
26793
26799
26810
26816
26827
26833
26839
26850
26856
26867
26873
26879
26890
26896
26907
26913
26919
26930
26936
26947
26953
26959
26970
26976
26987
26993
26999
27010
27016
27027
27033
27039
27050
27056
27067
27073
27079
27090
27096
27107
27113
27119
27130
27136
27147
27153
27159
27170
27176
27187
27193
27199
27210
27216
27227
27233
27239
27250
27256
27267
27273
27279
27290
27296
27307
27313
27319
27330
27336
27347
27353
27359
27370
27376
27387
27393
27399
27410
27416
27427
27433
27439
27450
27456
27467
27473
27479
27490
27496
27507
27513
27519
27530
27536
27547
27553
27559
27570
27576
27587
27593
27599
27610
27616
27627
27633
27639
27650
27656
27667
27673
27679
27690
27696
27707
27713
27719
27730
27736
27747
27753
27759
27770
27776
27787
27793
27799
27810
27816
27827
27833
27839
27850
27856
27867
27873
27879
27890
27896
27907
27913
27919
27930
27936
27947
27953
27959
27970
27976
27987
27993
27999
28010
28016
28027
28033
28039
28050
28056
28067
28073
28079
28090
28096
28107
28113
28119
28130
28136
28147
28153
28159
28170
28176
28187
28193
28199
28210
28216
28227
28233
28239
28250
28256
28267
28273
28279
28290
28296
28307
28313
28319
28330
28336
28347
28353
28359
28370
28376
28387
28393
28399
28410
28416
28427
28433
28439
28450
28456
28467
28473
28479
28490
28496
28507
28513
28519
28530
28536
28547
28553
28559
28570
28576
28587
28593
28599
28610
28616
28627
28633
28639
28650
28656
28667
28673
28679
28690
28696
28707
28713
28719
28730
28736
28747
28753
28759
28770
28776
28787
28793
28799
28810
28816
28827
28833
28839
28850
28856
28867
28873
28879
28890
28896
28907
28913
28919
28930
28936
28947
28953
28959
28970
28976
28987
28993
28999
29010
29016
29027
29033
29039
29050
29056
29067
29073
29079
29090
29096
29107
29113
29119
29130
29136
29147
29153
29159
29170
29176
29187
29193
29199
29210
29216
29227
29233
29239
29250
29256
29267
29273
29279
29290
29296
29307
29313
29319
29330
29336
29347
29353
29359
29370
29376
29387
29393
29399
29410
29416
29427
29433
29439
29450
29456
29467
29473
29479
29490
29496
29507
29513
29519
29530
29536
29547
29553
29559
29570
29576
29587
29593
29599
29610
29616
29627
29633
29639
29650
29656
29667
29673
29679
29690
29696
29707
29713
29719
29730
29736
29747
29753
29759
29770
29776
29787
29793
29799
29810
29816
29827
29833
29839
29850
29856
29867
29873
29879
29890
29896
29907
29913
29919
29930
29936
29947
29953
29959
29970
29976
29987
29993
29999
30010
30016
30027
30033
30039
30050
30056
30067
30073
30079
30090
30096
30107
30113
30119
30130
30136
30147
30153
30159
30170
30176
30187
30193
30199
30210
30216
30227
30233
30239
30250
30256
30267
30273
30279
30290
30296
30307
30313
30319
30330
30336
30347
30353
30359
30370
30376
30387
30393
30399
30410
30416
30427
30433
30439
30450
30456
30467
30473
30479
30490
30496
30507
30513
30519
30530
30536
30547
30553
30559
30570
30576
30587
30593
30599
30610
30616
30627
30633
30639
30650
30656
30667
30673
30679
30690
30696
30707
30713
30719
30730
30736
30747
30753
30759
30770
30776
30787
30793
30799
30810
30816
30827
30833
30839
30850
30856
30867
30873
30879
30890
30896
30907
30913
30919
30930
30936
30947
30953
30959
30970
30976
30987
30993
30999
31010
31016
31027
31033
31039
31050
31056
31067
31073
31079
31090
31096
31107
31113
31119
31130
31136
31147
31153
31159
31170
31176
31187
31193
31199
31210
31216
31227
31233
31239
31250
31256
31267
31273
31279
31290
31296
31307
31313
31319
31330
31336
31347
31353
31359
31370
31376
31387
31393
31399
31410
31416
31427
31433
31439
31450
31456
31467
31473
31479
31490
31496
31507
31513
31519
31530
31536
31547
31553
31559
31570
31576
31587
31593
31599
31610
31616
31627
31633
31639
31650
31656
31667
31673
31679
31690
31696
31707
31713
31719
31730
31736
31747
31753
31759
31770
31776
31787
31793
31799
31810
31816
31827
31833
31839
31850
31856
31867
31873
31879
31890
31896
31907
31913
31919
31930
31936
31947
31953
31959
31970
31976
31987
31993
31999
32010
32016
32027
32033
32039
32050
32056
32067
32073
32079
32090
32096
32107
32113
32119
32130
32136
32147
32153
32159
32170
32176
32187
32193
32199
32210
32216
32227
32233
32239
32250
32256
32267
32273
32279
32290
32296
32307
32313
32319
32330
32336
32347
32353
32359
32370
32376
32387
32393
32399
32410
32416
32427
32433
32439
32450
32456
32467
32473
32479
32490
32496
32507
32513
32519
32530
32536
32547
32553
32559
32570
32576
32587
32593
32599
32610
32616
32627
32633
32639
32650
32656
32667
32673
32679
32690
32696
32707
32713
32719
32730
32736
32747
32753
32759
32770
32776
32787
32793
32799
32810
32816
32827
32833
32839
32850
32856
32867
32873
32879
32890
32896
32907
32913
32919
32930
32936
32947
32953
32959
32970
32976
32987
32993
32999
33010
33016
33027
33033
33039
33050
33056
33067
33073
33079
33090
33096
33107
33113
33119
33130
33136
33147
33153
33159
33170
33176
33187
33193
33199
33210
33216
33227
33233
33239
33250
33256
33267
33273
33279
33290
33296
33307
33313
33319
33330
33336
33347
33353
33359
33370
33376
33387
33393
33399
33410
33416
33427
33433
33439
33450
33456
33467
33473
33479
33490
33496
33507
33513
33519
33530
33536
33547
33553
33559
33570
33576
33587
33593
33599
33610
33616
33627
33633
33639
33650
33656
33667
33673
33679
33690
33696
33707
33713
33719
33730
33736
33747
33753
33759
33770
33776
33787
33793
33799
33810
33816
33827
33833
33839
33850
33856
33867
33873
33879
33890
33896
33907
33913
33919
33930
33936
33947
33953
33959
33970
33976
33987
33993
33999
34010
34016
34027
34033
34039
34050
34056
34067
34073
34079
34090
34096
34107
34113
34119
34130
34136
34147
34153
34159
34170
34176
34187
34193
34199
34210
34216
34227
34233
34239
34250
34256
34267
34273
34279
34290
34296
34307
34313
34319
34330
34336
34347
34353
34359
34370
34376
34387
34393
34399
34410
34416
34427
34433
34439
34450
34456
34467
34473
34479
34490
34496
34507
34513
34519
34530
34536
34547
34553
34559
34570
34576
34587
34593
34599
34610
34616
34627
34633
34639
34650
34656
34667
34673
34679
34690
34696
34707
34713
34719
34730
34736
34747
34753
34759
34770
34776
34787
34793
34799
34810
34816
34827
34833
34839
34850
34856
34867
34873
34879
34890
34896
34907
34913
34919
34930
34936
34947
34953
34959
34970
34976
34987
34993
34999
35010
35016
35027
35033
35039
35050
35056
35067
35073
35079
35090
35096
35107
35113
35119
35130
35136
35147
35153
35159
35170
35176
35187
35193
35199
35210
35216
35227
35233
35239
35250
35256
35267
35273
35279
35290
35296
35307
35313
35319
35330
35336
35347
35353
35359
35370
35376
35387
35393
35399
35410
35416
35427
35433
35439
35450
35456
35467
35473
35479
35490
35496
35507
35513
35519
35530
35536
35547
35553
35559
35570
35576
35587
35593
35599
35610
35616
35627
35633
35639
35650
35656
35667
35673
35679
35690
35696
35707
35713
35719
35730
35736
35747
35753
35759
35770
35776
35787
35793
35799
35810
35816
35827
35833
35839
35850
35856
35867
35873
35879
35890
35896
35907
35913
35919
35930
35936
35947
35953
35959
35970
35976
35987
35993
35999
36010
36016
36027
36033
36039
36050
36056
36067
36073
36079
36090
36096
36107
36113
36119
36130
36136
36147
36153
36159
36170
36176
36187
36193
36199
36210
36216
36227
36233
36239
36250
36256
36267
36273
36279
36290
36296
36307
36313
36319
36330
36336
36347
36353
36359
36370
36376
36387
36393
36399
36410
36416
36427
36433
36439
36450
36456
36467
36473
36479
36490
36496
36507
36513
36519
36530
36536
36547
36553
36559
36570
36576
36587
36593
36599
36610
36616
36627
36633
36639
36650
36656
36667
36673
36679
36690
36696
36707
36713
36719
36730
36736
36747
36753
36759
36770
36776
36787
36793
36799
36810
36816
36827
36833
36839
36850
36856
36867
36873
36879
36890
36896
36907
36913
36919
36930
36936
36947
36953
36959
36970
36976
36987
36993
36999
37010
37016
37027
37033
37039
37050
37056
37067
37073
37079
37090
37096
37107
37113
37119
37130
37136
37147
37153
37159
37170
37176
37187
37193
37199
37210
37216
37227
37233
37239
37250
37256
37267
37273
37279
37290
37296
37307
37313
37319
37330
37336
37347
37353
37359
37370
37376
37387
37393
37399
37410
37416
37427
37433
37439
37450
37456
37467
37473
37479
37490
37496
37507
37513
37519
37530
37536
37547
37553
37559
37570
37576
37587
37593
37599
37610
37616
37627
37633
37639
37650
37656
37667
37673
37679
37690
37696
37707
37713
37719
37730
37736
37747
37753
37759
37770
37776
37787
37793
37799
37810
37816
37827
37833
37839
37850
37856
37867
37873
37879
37890
37896
37907
37913
37919
37930
37936
37947
37953
37959
37970
37976
37987
37993
37999
38010
38016
38027
38033
38039
38050
38056
38067
38073
38079
38090
38096
38107
38113
38119
38130
38136
38147
38153
38159
38170
38176
38187
38193
38199
38210
38216
38227
38233
38239
38250
38256
38267
38273
38279
38290
38296
38307
38313
38319
38330
38336
38347
38353
38359
38370
38376
38387
38393
38399
38410
38416
38427
38433
38439
38450
38456
38467
38473
38479
38490
38496
38507
38513
38519
38530
38536
38547
38553
38559
38570
38576
38587
38593
38599
38610
38616
38627
38633
38639
38650
38656
38667
38673
38679
38690
38696
38707
38713
38719
38730
38736
38747
38753
38759
38770
38776
38787
38793
38799
38810
38816
38827
38833
38839
38850
38856
38867
38873
38879
38890
38896
38907
38913
38919
38930
38936
38947
38953
38959
38970
38976
38987
38993
38999
39010
39016
39027
39033
39039
39050
39056
39067
39073
39079
39090
39096
39107
39113
39119
39130
39136
39147
39153
39159
39170
39176
39187
39193
39199
39210
39216
39227
39233
39239
39250
39256
39267
39273
39279
39290
39296
39307
39313
39319
39330
39336
39347
39353
39359
39370
39376
39387
39393
39399
39410
39416
39427
39433
39439
39450
39456
39467
39473
39479
39490
39496
39507
39513
39519
39530
39536
39547
39553
39559
39570
39576
39587
39593
39599
39610
39616
39627
39633
39639
39650
39656
39667
39673
39679
39690
39696
39707
39713
39719
39730
39736
39747
39753
39759
39770
39776
39787
39793
39799
39810
39816
39827
39833
39839
39850
39856
39867
39873
39879
39890
39896
39907
39913
39919
39930
39936
39947
39953
39959
39970
39976
39987
39993
39999
40010
40016
40027
40033
40039
40050
40056
40067
40073
40079
40090
40096
40107
40113
40119
40130
40136
40147
40153
40159
40170
40176
40187
40193
40199
40210
40216
40227
40233
40239
40250
40256
40267
40273
40279
40290
40296
40307
40313
40319
40330
40336
40347
40353
40359
40370
40376
40387
40393
40399
40410
40416
40427
40433
40439
40450
40456
40467
40473
40479
40490
40496
40507
40513
40519
40530
40536
40547
40553
40559
40570
40576
40587
40593
40599
40610
40616
40627
40633
40639
40650
40656
40667
40673
40679
40690
40696
40707
40713
40719
40730
40736
40747
40753
40759
40770
40776
40787
40793
40799
40810
40816
40827
40833
40839
40850
40856
40867
40873
40879
40890
40896
40907
40913
40919
40930
40936
40947
40953
40959
40970
40976
40987
40993
40999
41010
41016
41027
41033
41039
41050
41056
41067
41073
41079
41090
41096
41107
41113
41119
41130
41136
41147
41153
41159
41170
41176
41187
41193
41199
41210
41216
41227
41233
41239
41250
41256
41267
41273
41279
41290
41296
41307
41313
41319
41330
41336
41347
41353
41359
41370
41376
41387
41393
41399
41410
41416
41427
41433
41439
41450
41456
41467
41473
41479
41490
41496
41507
41513
41519
41530
41536
41547
41553
41559
41570
41576
41587
41593
41599
41610
41616
41627
41633
41639
41650
41656
41667
41673
41679
41690
41696
41707
41713
41719
41730
41736
41747
41753
41759
41770
41776
41787
41793
41799
41810
41816
41827
41833
41839
41850
41856
41867
41873
41879
41890
41896
41907
41913
41919
41930
41936
41947
41953
41959
41970
41976
41987
41993
41999
42010
42016
42027
42033
42039
42050
42056
42067
42073
42079
42090
42096
42107
42113
42119
42130
42136
42147
42153
42159
42170
42176
42187
42193
42199
42210
42216
42227
42233
42239
42250
42256
42267
42273
42279
42290
42296
42307
42313
42319
42330
42336
42347
42353
42359
42370
42376
42387
42393
42399
42410
42416
42427
42433
42439
42450
42456
42467
42473
42479
42490
42496
42507
42513
42519
42530
42536
42547
42553
42559
42570
42576
42587
42593
42599
42610
42616
42627
42633
42639
42650
42656
42667
42673
42679
42690
42696
42707
42713
42719
42730
42736
42747
42753
42759
42770
42776
42787
42793
42799
42810
42816
42827
42833
42839
42850
42856
42867
42873
42879
42890
42896
42907
42913
42919
42930
42936
42947
42953
42959
42970
42976
42987
42993
42999
43010
43016
43027
43033
43039
43050
43056
43067
43073
43079
43090
43096
43107
43113
43119
43130
43136
43147
43153
43159
43170
43176
43187
43193
43199
43210
43216
43227
43233
43239
43250
43256
43267
43273
43279
43290
43296
43307
43313
43319
43330
43336
43347
43353
43359
43370
43376
43387
43393
43399
43410
43416
43427
43433
43439
43450
43456
43467
43473
43479
43490
43496
43507
43513
43519
43530
43536
43547
43553
43559
43570
43576
43587
43593
43599
43610
43616
43627
43633
43639
43650
43656
43667
43673
43679
43690
43696
43707
43713
43719
43730
43736
43747
43753
43759
43770
43776
43787
43793
43799
43810
43816
43827
43833
43839
43850
43856
43867
43873
43879
43890
43896
43907
43913
43919
43930
43936
43947
43953
43959
43970
43976
43987
43993
43999
44010
44016
44027
44033
44039
44050
44056
44067
44073
44079
44090
44096
44107
44113
44119
44130
44136
44147
44153
44159
44170
44176
44187
44193
44199
44210
44216
44227
44233
44239
44250
44256
44267
44273
44279
44290
44296
44307
44313
44319
44330
44336
44347
44353
44359
44370
44376
44387
44393
44399
44410
44416
44427
44433
44439
44450
44456
44467
44473
44479
44490
44496
44507
44513
44519
44530
44536
44547
44553
44559
44570
44576
44587
44593
44599
44610
44616
44627
44633
44639
44650
44656
44667
44673
44679
44690
44696
44707
44713
44719
44730
44736
44747
44753
44759
44770
44776
44787
44793
44799
44810
44816
44827
44833
44839
44850
44856
44867
44873
44879
44890
44896
44907
44913
44919
44930
44936
44947
44953
44959
44970
44976
44987
44993
44999
45010
45016
45027
45033
45039
45050
45056
45067
45073
45079
45090
45096
45107
45113
45119
45130
45136
45147
45153
45159
45170
45176
45187
45193
45199
45210
45216
45227
45233
45239
45250
45256
45267
45273
45279
45290
45296
45307
45313
45319
45330
45336
45347
45353
45359
45370
45376
45387
45393
45399
45410
45416
45427
45433
45439
45450
45456
45467
45473
45479
45490
45496
45507
45513
45519
45530
45536
45547
45553
45559
45570
45576
45587
45593
45599
45610
45616
45627
45633
45639
45650
45656
45667
45673
45679
45690
45696
45707
45713
45719
45730
45736
45747
45753
45759
45770
45776
45787
45793
45799
45810
45816
45827
45833
45839
45850
45856
45867
45873
45879
45890
45896
45907
45913
45919
45930
45936
45947
45953
45959
45970
45976
45987
45993
45999
46010
46016
46027
46033
46039
46050
46056
46067
46073
46079
46090
46096
46107
46113
46119
46130
46136
46147
46153
46159
46170
46176
46187
46193
46199
46210
46216
46227
46233
46239
46250
46256
46267
46273
46279
46290
46296
46307
46313
46319
46330
46336
46347
46353
46359
46370
46376
46387
46393
46399
46410
46416
46427
46433
46439
46450
46456
46467
46473
46479
46490
46496
46507
46513
46519
46530
46536
46547
46553
46559
46570
46576
46587
46593
46599
46610
46616
46627
46633
46639
46650
46656
46667
46673
46679
46690
46696
46707
46713
46719
46730
46736
46747
46753
46759
46770
46776
46787
46793
46799
46810
46816
46827
46833
46839
46850
46856
46867
46873
46879
46890
46896
46907
46913
46919
46930
46936
46947
46953
46959
46970
46976
46987
46993
46999
47010
47016
47027
47033
47039
47050
47056
47067
47073
47079
47090
47096
47107
47113
47119
47130
47136
47147
47153
47159
47170
47176
47187
47193
47199
47210
47216
47227
47233
47239
47250
47256
47267
47273
47279
47290
47296
47307
47313
47319
47330
47336
47347
47353
47359
47370
47376
47387
47393
47399
47410
47416
47427
47433
47439
47450
47456
47467
47473
47479
47490
47496
47507
47513
47519
47530
47536
47547
47553
47559
47570
47576
47587
47593
47599
47610
47616
47627
47633
47639
47650
47656
47667
47673
47679
47690
47696
47707
47713
47719
47730
47736
47747
47753
47759
47770
47776
47787
47793
47799
47810
47816
47827
47833
47839
47850
47856
47867
47873
47879
47890
47896
47907
47913
47919
47930
47936
47947
47953
47959
47970
47976
47987
47993
47999
48010
48016
48027
48033
48039
48050
48056
48067
48073
48079
48090
48096
48107
48113
48119
48130
48136
48147
48153
48159
48170
48176
48187
48193
48199
48210
48216
48227
48233
48239
48250
48256
48267
48273
48279
48290
48296
48307
48313
48319
48330
48336
48347
48353
48359
48370
48376
48387
48393
48399
48410
48416
48427
48433
48439
48450
48456
48467
48473
48479
48490
48496
48507
48513
48519
48530
48536
48547
48553
48559
48570
48576
48587
48593
48599
48610
48616
48627
48633
48639
48650
48656
48667
48673
48679
48690
48696
48707
48713
48719
48730
48736
48747
48753
48759
48770
48776
48787
48793
48799
48810
48816
48827
48833
48839
48850
48856
48867
48873
48879
48890
48896
48907
48913
48919
48930
48936
48947
48953
48959
48970
48976
48987
48993
48999
49010
49016
49027
49033
49039
49050
49056
49067
49073
49079
49090
49096
49107
49113
49119
49130
49136
49147
49153
49159
49170
49176
49187
49193
49199
49210
49216
49227
49233
49239
49250
49256
49267
49273
49279
49290
49296
49307
49313
49319
49330
49336
49347
49353
49359
49370
49376
49387
49393
49399
49410
49416
49427
49433
49439
49450
49456
49467
49473
49479
49490
49496
49507
49513
49519
49530
49536
49547
49553
49559
49570
49576
49587
49593
49599
49610
49616
49627
49633
49639
49650
49656
49667
49673
49679
49690
49696
49707
49713
49719
49730
49736
49747
49753
49759
49770
49776
49787
49793
49799
49810
49816
49827
49833
49839
49850
49856
49867
49873
49879
49890
49896
49907
49913
49919
49930
49936
49947
49953
49959
49990
49992
49997
49998
5
